date,AMZN.csv_close,TSLA.csv_Adj Close
2012-05-21,10.905500411987305,5.754
2012-05-22,10.76650047302246,6.16
2012-05-23,10.86400032043457,6.204
2012-05-24,10.76200008392334,6.056
2012-05-25,10.64449977874756,5.962
2012-05-29,10.737500190734863,6.338
2012-05-30,10.46150016784668,6.082
2012-05-31,10.645500183105469,5.9
2012-06-01,10.41100025177002,5.63
2012-06-04,10.728500366210938,5.576
2012-06-05,10.660499572753906,5.582
2012-06-06,10.881999969482422,5.844
2012-06-07,10.93999958,5.786
2012-06-08,10.923999786376951,6.016
2012-06-11,10.824999809265137,5.824
2012-06-12,10.821000099182127,5.932
2012-06-13,10.736499786376951,5.954
2012-06-14,10.72249984741211,5.878
2012-06-15,10.917499542236328,5.982
2012-06-18,11.133000373840332,6.368
2012-06-19,11.201499938964844,6.418
2012-06-20,11.151000022888184,6.756
2012-06-21,11.028499603271484,6.438
2012-06-22,11.107999801635742,6.758
2012-06-25,11.003499984741213,6.622
2012-06-26,11.280500411987305,6.322
2012-06-27,11.281000137329102,6.392
2012-06-28,11.065500259399414,6.282
2012-06-29,11.417499542236328,6.258
2012-07-02,11.465999603271484,6.08
2012-07-03,11.476499557495115,6.132
2012-07-05,11.352999687194824,6.246
2012-07-06,11.25249958,6.198
2012-07-09,11.25249958,6.298
2012-07-10,10.975000381469728,6.254
2012-07-11,10.918499946594238,6.302
2012-07-12,10.767999649047852,6.54
2012-07-13,10.919500350952148,6.85
2012-07-16,10.80049991607666,7.192
2012-07-17,10.846500396728516,6.67
2012-07-18,10.873499870300291,6.43
2012-07-19,11.308500289916992,6.454
2012-07-20,11.41450023651123,6.358
2012-07-23,11.30049991607666,6.132
2012-07-24,11.152000427246094,5.968
2012-07-25,10.852499961853027,5.79
2012-07-26,11.000499725341797,5.626
2012-07-27,11.866000175476074,5.902
2012-07-30,11.804499626159668,5.47
2012-07-31,11.664999961853027,5.484
2012-08-01,11.604499816894531,5.25
2012-08-02,11.540499687194824,5.22
2012-08-03,11.748499870300291,5.454
2012-08-06,11.69950008392334,5.654
2012-08-07,11.82800006866455,6.05
2012-08-08,11.718999862670898,5.818
2012-08-09,11.70300006866455,5.882
2012-08-10,11.637499809265137,5.988
2012-08-13,11.621999740600586,6.234
2012-08-14,11.659500122070312,5.884
2012-08-15,11.871000289916992,5.88
2012-08-16,12.077500343322754,6.06
2012-08-17,12.058500289916992,6.002
2012-08-20,12.017499923706056,5.902
2012-08-21,11.97249984741211,5.822
2012-08-22,12.154999732971191,5.99
2012-08-23,12.06000042,6.146
2012-08-24,12.286999702453612,5.9
2012-08-27,12.196000099182127,5.664
2012-08-28,12.305500030517578,5.738
2012-08-29,12.355999946594238,5.682
2012-08-30,12.310999870300291,5.682
2012-08-31,12.41349983215332,5.704
2012-09-04,12.394000053405762,5.628
2012-09-05,12.310999870300291,5.588
2012-09-06,12.569000244140623,5.71
2012-09-07,12.95699977874756,5.87
2012-09-10,12.854499816894531,5.474
2012-09-11,12.783499717712402,5.56
2012-09-12,12.781499862670898,5.656
2012-09-13,13.01200008392334,5.896
2012-09-14,13.06350040435791,6.078
2012-09-17,12.899999618530272,6.508
2012-09-18,12.9375,6.268
2012-09-19,13.083999633789062,6.21
2012-09-20,13.040499687194824,6.18
2012-09-21,12.873499870300291,6.004
2012-09-24,12.739999771118164,6.132
2012-09-25,12.623000144958496,5.532
2012-09-26,12.48349952697754,5.508
2012-09-27,12.829500198364258,5.698
2012-09-28,12.715999603271484,5.856
2012-10-01,12.600500106811523,5.832
2012-10-02,12.529999732971191,5.96
2012-10-03,12.79599952697754,5.86
2012-10-04,13.023500442504885,5.88
2012-10-05,12.92549991607666,5.778
2012-10-08,12.95300006866455,5.85
2012-10-09,12.54800033569336,5.674
2012-10-10,12.249500274658203,5.68
2012-10-11,12.211000442504885,5.664
2012-10-12,12.118000030517578,5.528
2012-10-15,12.208999633789062,5.466
2012-10-16,12.196999549865724,5.612
2012-10-17,12.374500274658203,5.764
2012-10-18,12.24250030517578,5.608
2012-10-19,12.0,5.548
2012-10-22,11.689000129699709,5.57
2012-10-23,11.715499877929688,5.678
2012-10-24,11.424500465393066,5.484
2012-10-25,11.145999908447266,5.504
2012-10-26,11.911999702453612,5.476
2012-10-31,11.64449977874756,5.626
2012-11-01,11.607000350952148,5.85
2012-11-02,11.621000289916992,5.784
2012-11-05,11.716500282287598,6.3
2012-11-06,11.878000259399414,6.23
2012-11-07,11.602999687194824,6.308
2012-11-08,11.36750030517578,6.262
2012-11-09,11.315500259399414,6.064
2012-11-12,11.32349967956543,6.214
2012-11-13,11.329999923706056,6.322
2012-11-14,11.147500038146973,6.276
2012-11-15,11.029999732971191,6.164
2012-11-16,11.261500358581545,6.368
2012-11-19,11.48550033569336,6.584
2012-11-20,11.689000129699709,6.6
2012-11-21,11.90149974822998,6.494
2012-11-23,11.994000434875488,6.426
2012-11-26,12.180999755859377,6.454
2012-11-27,12.170000076293944,6.43
2012-11-28,12.35550022125244,6.646
2012-11-29,12.56350040435791,6.738
2012-11-30,12.602499961853027,6.764
2012-12-03,12.51650047302246,6.924
2012-12-04,12.624500274658203,6.78
2012-12-05,12.697999954223633,6.742
2012-12-06,12.668499946594238,6.78
2012-12-07,12.66349983215332,6.834
2012-12-10,12.388500213623049,6.914
2012-12-11,12.534500122070312,7.056
2012-12-12,12.588000297546388,7.052
2012-12-13,12.5625,6.722
2012-12-14,12.459500312805176,6.762
2012-12-17,12.692999839782717,6.88
2012-12-18,13.020000457763672,6.918
2012-12-19,12.899499893188477,6.922
2012-12-20,13.074999809265137,6.886
2012-12-21,12.845999717712402,6.8
2012-12-24,12.930999755859377,6.856
2012-12-26,12.431500434875488,6.718
2012-12-27,12.415499687194824,6.738
2012-12-28,12.258999824523926,6.644
2012-12-31,12.543499946594238,6.774
2013-01-02,12.865500450134276,7.072
2013-01-03,12.923999786376951,6.954
2013-01-04,12.957500457763672,6.88
2013-01-07,13.42300033569336,6.868
2013-01-08,13.319000244140623,6.736
2013-01-09,13.317500114440918,6.728
2013-01-10,13.267000198364258,6.706
2013-01-11,13.397000312805176,6.582
2013-01-14,13.636500358581545,6.652
2013-01-15,13.595000267028809,6.78
2013-01-16,13.446499824523926,6.82
2013-01-17,13.52400016784668,6.876
2013-01-18,13.605999946594238,6.904
2013-01-22,13.509499549865724,7.038
2013-01-23,13.405500411987305,7.2
2013-01-24,13.67300033569336,7.398
2013-01-25,14.19950008392334,7.396
2013-01-28,13.802000045776367,7.606
2013-01-29,13.017499923706056,7.59
2013-01-30,13.637999534606934,7.504
2013-01-31,13.274999618530272,7.502
2013-02-01,13.25,7.66
2013-02-04,12.99899959564209,7.548
2013-02-05,13.344499588012695,7.626
2013-02-06,13.111000061035156,7.834
2013-02-07,13.011500358581545,7.896
2013-02-08,13.09749984741211,7.848
2013-02-11,12.86050033569336,7.684
2013-02-12,12.93500042,7.578
2013-02-13,13.47350025177002,7.69
2013-02-14,13.461999893188477,7.654
2013-02-15,13.25450038909912,7.408
2013-02-19,13.487500190734863,7.856
2013-02-20,13.320500373840332,7.708
2013-02-21,13.29699993133545,7.032
2013-02-22,13.270999908447266,7.222
2013-02-25,12.993499755859377,6.876
2013-02-26,12.968000411987305,6.886
2013-02-27,13.162500381469728,7.02
2013-02-28,13.213500022888184,6.966
2013-03-01,13.286999702453612,6.93
2013-03-04,13.655500411987305,7.116
2013-03-05,13.779500007629396,7.33
2013-03-06,13.689499855041504,7.538
2013-03-07,13.694000244140623,7.646
2013-03-08,13.709500312805176,7.694
2013-03-11,13.562000274658203,7.82
2013-03-12,13.706500053405762,7.824
2013-03-13,13.755000114440918,7.796
2013-03-14,13.286999702453612,7.37
2013-03-15,13.090999603271484,7.058
2013-03-18,12.89449977874756,7.03
2013-03-19,12.820500373840332,7.016
2013-03-20,12.86400032043457,7.19
2013-03-21,12.669500350952148,7.202
2013-03-22,12.887499809265137,7.324
2013-03-25,12.800999641418455,7.506
2013-03-26,13.01550006866455,7.572
2013-03-27,13.265000343322754,7.632
2013-03-28,13.32450008392334,7.578
2013-04-01,13.080499649047852,8.786
2013-04-02,13.166000366210938,8.868
2013-04-03,12.951499938964844,8.22
2013-04-04,12.95400047302246,8.402
2013-04-05,12.77400016784668,8.274
2013-04-08,12.947500228881836,8.366
2013-04-09,13.057000160217283,8.1
2013-04-10,13.238499641418455,8.372
2013-04-11,13.49250030517578,8.718
2013-04-12,13.643500328063965,8.75
2013-04-15,13.38599967956543,8.66
2013-04-16,13.616999626159668,9.118
2013-04-17,13.369999885559082,9.09
2013-04-18,12.970999717712402,9.394
2013-04-19,13.015999794006348,9.566
2013-04-22,13.177499771118164,10.038
2013-04-23,13.44499969482422,10.202
2013-04-24,13.439000129699709,10.086
2013-04-25,13.734999656677246,10.4
2013-04-26,12.740500450134276,10.24
2013-04-29,12.487000465393066,10.988
2013-04-30,12.690500259399414,10.798
2013-05-01,12.411499977111816,10.656
2013-05-02,12.62749958,10.822
2013-05-03,12.90250015258789,10.91
2013-05-06,12.78600025177002,11.9
2013-05-07,12.886500358581545,11.102
2013-05-08,12.934000015258787,11.158
2013-05-09,13.008000373840332,13.88
2013-05-10,13.181500434875488,15.352
2013-05-13,13.225500106811523,17.559999
2013-05-14,13.416500091552734,16.648001
2013-05-15,13.32800006866455,16.968
2013-05-16,13.206000328063965,18.450001
2013-05-17,13.494999885559082,18.299999
2013-05-20,13.381500244140623,17.988001
2013-05-21,13.442999839782717,17.518
2013-05-22,13.14799976348877,17.448
2013-05-23,13.09000015258789,18.546
2013-05-24,13.086999893188477,19.416
2013-05-28,13.364500045776367,22.066
2013-05-29,13.27649974822998,20.926001
2013-05-30,13.341500282287598,20.99
2013-05-31,13.460000038146973,19.552
2013-06-03,13.343999862670898,18.518
2013-06-04,13.28499984741211,18.968
2013-06-05,13.35849952697754,19.073999
2013-06-06,13.39150047302246,19.469999
2013-06-07,13.843500137329102,20.408001
2013-06-10,14.053500175476074,20.01
2013-06-11,13.73900032043457,18.893999
2013-06-12,13.583499908447266,19.546
2013-06-13,13.78950023651123,19.636
2013-06-14,13.69950008392334,20.059999
2013-06-17,13.902999877929688,20.440001
2013-06-18,14.088000297546388,20.677999
2013-06-19,13.907999992370604,20.936001
2013-06-20,13.67199993133545,20.129999
2013-06-21,13.66800022125244,19.91
2013-06-24,13.530500411987305,20.298
2013-06-25,13.604499816894531,20.48
2013-06-26,13.878499984741213,21.143999
2013-06-27,13.87749958,21.85
2013-06-28,13.884499549865724,21.472
2013-07-01,14.104999542236328,23.436001
2013-07-02,14.18649959564209,23.563999
2013-07-03,14.201499938964844,23.048
2013-07-05,14.293999671936035,24.018
2013-07-08,14.529500007629396,24.322001
2013-07-09,14.576499938964844,24.690001
2013-07-10,14.616499900817873,24.454
2013-07-11,14.982999801635742,25.122
2013-07-12,15.37749958,25.98
2013-07-15,15.328499794006348,25.452
2013-07-16,15.343500137329102,21.809999
2013-07-17,15.434499740600586,24.049999
2013-07-18,15.205499649047852,23.806
2013-07-19,15.261500358581545,23.936001
2013-07-22,15.173999786376951,24.486
2013-07-23,15.053000450134276,24.548
2013-07-24,14.946999549865724,24.34
2013-07-25,15.170000076293944,24.813999
2013-07-26,15.600500106811523,25.878
2013-07-29,15.30500030517578,26.924
2013-07-30,15.12049961090088,26.348
2013-07-31,15.060999870300291,26.856001
2013-08-01,15.278499603271484,27.110001
2013-08-02,15.21049976348877,27.6
2013-08-05,15.049500465393066,28.936001
2013-08-06,15.037500381469728,28.43
2013-08-07,14.845499992370604,26.846001
2013-08-08,14.786999702453612,30.695999
2013-08-09,14.86299991607666,30.6
2013-08-12,14.834500312805176,29.476
2013-08-13,14.69849967956543,29.086
2013-08-14,14.56700038909912,27.872
2013-08-15,14.32349967956543,27.934
2013-08-16,14.241000175476074,28.4
2013-08-19,14.278499603271484,28.98
2013-08-20,14.354499816894531,29.916
2013-08-21,14.228500366210938,29.572001
2013-08-22,14.486499786376951,31.42
2013-08-23,14.500499725341797,32.368
2013-08-26,14.310500144958496,32.844002
2013-08-27,14.046500205993652,33.402
2013-08-28,14.07900047302246,33.290001
2013-08-29,14.199000358581545,33.212002
2013-08-30,14.048999786376951,33.799999
2013-09-03,14.43999958,33.787998
2013-09-04,14.682000160217283,34.124001
2013-09-05,14.704999923706056,33.986
2013-09-06,14.79300022125244,33.394001
2013-09-09,14.98550033569336,32.139999
2013-09-10,15.017999649047852,33.273998
2013-09-11,14.982000350952148,32.703999
2013-09-12,14.942999839782717,32.986
2013-09-13,14.895999908447266,33.108002
2013-09-16,14.803000450134276,33.316002
2013-09-17,15.208499908447266,33.245998
2013-09-18,15.601499557495115,33.243999
2013-09-19,15.602999687194824,35.584
2013-09-20,15.81700038909912,36.678001
2013-09-23,15.57450008392334,36.222
2013-09-24,15.706500053405762,36.466
2013-09-25,15.63249969482422,37.048
2013-09-26,15.906000137329102,37.728001
2013-09-27,15.80049991607666,38.18
2013-09-30,15.631999969482422,38.674
2013-10-01,16.047500610351562,38.599998
2013-10-02,16.02549934387207,36.189999
2013-10-03,15.73799991607666,34.661999
2013-10-04,15.95199966430664,36.195999
2013-10-07,15.501500129699709,36.613998
2013-10-08,15.161499977111816,34.945999
2013-10-09,14.911499977111816,33.756001
2013-10-10,15.258500099182127,34.585999
2013-10-11,15.544500350952148,35.740002
2013-10-14,15.53499984741211,35.944
2013-10-15,15.31999969482422,36.787998
2013-10-16,15.524499893188477,36.712002
2013-10-17,15.53849983215332,36.560001
2013-10-18,16.446500778198242,36.68
2013-10-21,16.32200050354004,34.52
2013-10-22,16.62700080871582,34.307999
2013-10-23,16.33799934387207,32.900002
2013-10-24,16.61050033569336,34.630001
2013-10-25,18.16950035095215,33.931999
2013-10-28,17.908000946044922,32.571999
2013-10-29,18.135000228881836,32.894001
2013-10-30,18.054000854492188,31.844
2013-10-31,18.201499938964844,31.988001
2013-11-01,17.950000762939453,32.433998
2013-11-04,17.937000274658203,35.040001
2013-11-05,17.944499969482422,35.362
2013-11-06,17.80900001525879,30.232
2013-11-07,17.17799949645996,27.954
2013-11-08,17.515499114990234,27.59
2013-11-11,17.71899986,28.940001
2013-11-12,17.476499557495117,27.559999
2013-11-13,17.81100082397461,27.74
2013-11-14,18.37000084,27.52
2013-11-15,18.458499908447266,27.09
2013-11-18,18.30900001525879,24.316
2013-11-19,18.246999740600582,25.218
2013-11-20,18.12849998474121,24.222
2013-11-21,18.445999145507812,24.42
2013-11-22,18.61549949645996,24.275999
2013-11-25,18.832000732421875,24.167999
2013-11-26,19.068500518798828,24.1
2013-11-27,19.33550071716309,25.388
2013-11-29,19.680999755859375,25.455999
2013-12-02,19.614999771118164,24.834
2013-12-03,19.232999801635746,28.940001
2013-12-04,19.29800033569336,27.790001
2013-12-05,19.22450065612793,28.096001
2013-12-06,19.34749984741211,27.472
2013-12-09,19.24449920654297,28.32
2013-12-10,19.388999938964844,28.438
2013-12-11,19.10950088500977,27.93
2013-12-12,19.0625,29.493999
2013-12-13,19.211999893188477,29.530001
2013-12-16,19.44849967956543,29.587999
2013-12-17,19.38249969482422,30.492001
2013-12-18,19.79800033569336,29.596001
2013-12-19,19.75950050354004,28.143999
2013-12-20,20.11000061035156,28.648001
2013-12-23,20.145999908447266,28.709999
2013-12-24,19.959999084472656,30.282
2013-12-26,20.219499588012695,31.1
2013-12-27,19.90399932861328,30.224001
2013-12-30,19.668500900268555,30.488001
2013-12-31,19.93950080871582,30.086
2014-01-02,19.898500442504883,30.02
2014-01-03,19.82200050354004,29.912001
2014-01-06,19.681499481201172,29.4
2014-01-07,19.901500701904297,29.872
2014-01-08,20.09600067138672,30.256001
2014-01-09,20.050500869750977,29.506001
2014-01-10,19.882999420166016,29.143999
2014-01-13,19.548999786376953,27.868
2014-01-14,19.87700080871582,32.254002
2014-01-15,19.793500900268555,32.826
2014-01-16,19.790000915527344,34.194
2014-01-17,19.980499267578125,34.001999
2014-01-21,20.352500915527344,35.335999
2014-01-22,20.22699928283691,35.712002
2014-01-23,19.993499755859375,36.299999
2014-01-24,19.37999916,34.919998
2014-01-27,19.31399917602539,33.924
2014-01-28,19.721500396728516,35.675999
2014-01-29,19.209999084472656,35.046001
2014-01-30,20.15049934387207,36.568001
2014-01-31,17.934499740600586,36.282001
2014-02-03,17.30750084,35.422001
2014-02-04,17.397499084472656,35.745998
2014-02-05,17.322500228881836,34.883999
2014-02-06,17.72949981689453,35.675999
2014-02-07,18.054000854492188,37.306
2014-02-10,18.043500900268555,39.312
2014-02-11,18.089500427246097,39.324001
2014-02-12,17.462499618530273,39.063999
2014-02-13,17.860000610351562,39.925999
2014-02-14,17.86750030517578,39.646
2014-02-18,17.68250084,40.740002
2014-02-19,17.368999481201172,38.728001
2014-02-20,17.489999771118164,41.993999
2014-02-21,17.33799934387207,41.919998
2014-02-24,17.589000701904297,43.529999
2014-02-25,17.916000366210938,49.599998
2014-02-26,17.989999771118164,50.599998
2014-02-27,18.006500244140625,50.507999
2014-02-28,18.104999542236328,48.962002
2014-03-03,17.98900032043457,50.112
2014-03-04,18.19499969482422,50.967999
2014-03-05,18.618499755859375,50.532001
2014-03-06,18.607999801635746,50.588001
2014-03-07,18.60300064086914,49.242001
2014-03-10,18.526500701904297,47.768002
2014-03-11,18.44099998474121,46.882
2014-03-12,18.531999588012695,48.298
2014-03-13,18.57550048828125,47.557999
2014-03-14,18.687000274658203,46.194
2014-03-17,18.75200080871582,46.796001
2014-03-18,18.938499450683594,48.007999
2014-03-19,18.661500930786133,47.167999
2014-03-20,18.44849967956543,46.981998
2014-03-21,18.03100014,45.778
2014-03-24,17.592500686645508,44.034
2014-03-25,17.73550033569336,44.088001
2014-03-26,17.170499801635742,42.591999
2014-03-27,16.923500061035156,41.464001
2014-03-28,16.914499282836914,42.473999
2014-03-31,16.818500518798828,41.689999
2014-04-01,17.149499893188477,43.394001
2014-04-02,17.097999572753906,46.057999
2014-04-03,16.680999755859375,45.080002
2014-04-04,16.149999618530273,42.445999
2014-04-07,15.887999534606934,41.504002
2014-04-08,16.353500366210938,43.091999
2014-04-09,16.590499877929688,43.386002
2014-04-10,15.85550022125244,40.838001
2014-04-11,15.58650016784668,40.756001
2014-04-14,15.795499801635742,39.618
2014-04-15,15.803999900817873,38.782001
2014-04-16,16.18400001525879,39.821999
2014-04-17,16.245500564575195,39.624001
2014-04-21,16.543500900268555,40.875999
2014-04-22,16.465999603271484,43.728001
2014-04-23,16.229000091552734,41.598
2014-04-24,16.857500076293945,41.571999
2014-04-25,15.191499710083008,39.970001
2014-04-28,14.82900047302246,39.702
2014-04-29,15.019000053405762,41.383999
2014-04-30,15.206500053405762,41.577999
2014-05-01,15.39449977874756,41.546001
2014-05-02,15.400500297546388,42.181999
2014-05-05,15.50249958,43.321999
2014-05-06,14.869000434875488,41.456001
2014-05-07,14.635499954223633,40.27
2014-05-08,14.416000366210938,35.717999
2014-05-09,14.612000465393066,36.452
2014-05-12,15.142999649047852,36.933998
2014-05-13,15.232000350952148,38.032001
2014-05-14,14.880999565124512,38.124001
2014-05-15,14.759499549865724,37.717999
2014-05-16,14.885000228881836,38.312
2014-05-19,14.838000297546388,39.217999
2014-05-20,15.059499740600586,39.060001
2014-05-21,15.250499725341797,39.889999
2014-05-22,15.24549961090088,40.976002
2014-05-23,15.612000465393066,41.459999
2014-05-27,15.541000366210938,42.312
2014-05-28,15.508000373840332,42.048
2014-05-29,15.689000129699709,42.048
2014-05-30,15.62749958,41.554001
2014-06-02,15.44200038909912,40.939999
2014-06-03,15.35949993133545,40.987999
2014-06-04,15.33899974822998,40.798
2014-06-05,16.178499221801758,41.380001
2014-06-06,16.48349952697754,41.633999
2014-06-09,16.375,41.062
2014-06-10,16.620500564575195,40.459999
2014-06-11,16.760000228881836,40.894001
2014-06-12,16.295499801635742,40.703999
2014-06-13,16.313499450683594,41.284
2014-06-16,16.381000518798828,44.922001
2014-06-17,16.28100014,46.334
2014-06-18,16.71899986,45.424
2014-06-19,16.350000381469727,45.557999
2014-06-20,16.209999084472656,45.917999
2014-06-23,16.36199951171875,47.444
2014-06-24,16.20800018310547,46.5
2014-06-25,16.371999740600586,47.377998
2014-06-26,16.284500122070312,47.119999
2014-06-27,16.228500366210938,47.812
2014-06-30,16.23900032043457,48.012001
2014-07-01,16.61949920654297,47.944
2014-07-02,16.642499923706055,45.886002
2014-07-03,16.874500274658203,45.849998
2014-07-07,16.677499771118164,44.532001
2014-07-08,16.190500259399414,43.813999
2014-07-09,16.49850082397461,44.612
2014-07-10,16.395999908447266,43.891998
2014-07-11,17.309999465942383,43.625999
2014-07-14,17.766000747680664,45.34
2014-07-15,17.722000122070312,43.916
2014-07-16,17.795000076293945,43.431999
2014-07-17,17.622499465942383,43.080002
2014-07-18,17.933000564575195,44.004002
2014-07-21,17.988000869750977,44.108002
2014-07-22,18.04199981689453,43.916
2014-07-23,17.906999588012695,44.498001
2014-07-24,17.930500030517578,44.708
2014-07-25,16.20050048828125,44.714001
2014-07-28,16.02050018310547,44.964001
2014-07-29,16.0,45.001999
2014-07-30,16.125499725341797,45.784
2014-07-31,15.649499893188477,44.66
2014-08-01,15.352999687194824,46.653999
2014-08-04,15.682499885559082,47.703999
2014-08-05,15.616000175476074,47.698002
2014-08-06,15.694499969482422,49.785999
2014-08-07,15.572500228881836,50.478001
2014-08-08,15.84000015258789,49.625999
2014-08-11,15.916500091552734,51.863998
2014-08-12,15.965999603271484,51.992001
2014-08-13,16.31399917602539,52.062
2014-08-14,16.660499572753906,52.276001
2014-08-15,16.681499481201172,52.402
2014-08-18,16.726499557495117,51.987999
2014-08-19,16.756500244140625,51.352001
2014-08-20,16.788999557495117,51.141998
2014-08-21,16.64550018310547,50.868
2014-08-22,16.579500198364258,51.355999
2014-08-25,16.701000213623047,52.509998
2014-08-26,17.09149932861328,52.348
2014-08-27,17.159000396728516,52.650002
2014-08-28,17.000999450683594,52.771999
2014-08-29,16.95199966430664,53.939999
2014-09-02,17.118999481201172,56.824001
2014-09-03,16.950000762939453,56.237999
2014-09-04,17.297500610351562,57.208
2014-09-05,17.319000244140625,55.478001
2014-09-08,17.117000579833984,56.422001
2014-09-09,16.487499237060547,55.695999
2014-09-10,16.566499710083008,56.220001
2014-09-11,16.525999069213867,56.062
2014-09-12,16.559499740600586,55.84
2014-09-15,16.194499969482422,50.771999
2014-09-16,16.38800048828125,52.147999
2014-09-17,16.200000762939453,52.276001
2014-09-18,16.25,52.764
2014-09-19,16.56599998474121,51.863998
2014-09-22,16.225000381469727,50.006001
2014-09-23,16.181499481201172,50.082001
2014-09-24,16.410499572753906,50.428001
2014-09-25,16.096500396728516,49.389999
2014-09-26,16.160499572753906,49.32
2014-09-29,16.090999603271484,49.051998
2014-09-30,16.121999740600586,48.535999
2014-10-01,15.873000144958496,48.048
2014-10-02,15.920499801635742,50.284
2014-10-03,16.136999130249023,51.042
2014-10-06,16.110000610351562,52.124001
2014-10-07,15.848999977111816,51.914001
2014-10-08,16.135000228881836,51.855999
2014-10-09,15.768500328063965,51.402
2014-10-10,15.569499969482422,47.382
2014-10-13,15.322500228881836,44.917999
2014-10-14,15.415499687194824,45.411999
2014-10-15,15.298500061035156,45.939999
2014-10-16,15.142999649047852,45.27
2014-10-17,15.182000160217283,45.495998
2014-10-20,15.310500144958496,46.094002
2014-10-21,15.76650047302246,47.068001
2014-10-22,15.648500442504885,46.220001
2014-10-23,15.659000396728516,47.057999
2014-10-24,14.352999687194824,47.048
2014-10-27,14.498499870300291,44.334
2014-10-28,14.779500007629396,48.554001
2014-10-29,14.706000328063965,47.619999
2014-10-30,14.953499794006348,47.731998
2014-10-31,15.27299976348877,48.34
2014-11-03,15.28600025177002,48.518002
2014-11-04,15.14050006866455,47.785999
2014-11-05,14.826000213623049,46.194
2014-11-06,14.83199977874756,48.243999
2014-11-07,14.993000030517578,48.040001
2014-11-10,15.255499839782717,48.386002
2014-11-11,15.600500106811523,50.216
2014-11-12,15.575499534606934,49.82
2014-11-13,15.824000358581545,50.34
2014-11-14,16.391000747680664,51.736
2014-11-17,16.15250015258789,50.796001
2014-11-18,16.24650001525879,51.540001
2014-11-19,16.32699966430664,49.548
2014-11-20,16.527000427246094,49.742001
2014-11-21,16.631500244140625,48.556
2014-11-24,16.781999588012695,49.344002
2014-11-25,16.75200080871582,49.618
2014-11-26,16.678499221801758,49.688
2014-11-28,16.93199920654297,48.903999
2014-12-01,16.299999237060547,46.327999
2014-12-02,16.315500259399414,46.285999
2014-12-03,15.824999809265137,45.860001
2014-12-04,15.846500396728516,45.655998
2014-12-05,15.631500244140623,44.742001
2014-12-08,15.33199977874756,42.872002
2014-12-09,15.625,43.377998
2014-12-10,15.291999816894531,41.967999
2014-12-11,15.368000030517578,41.776001
2014-12-12,15.366000175476074,41.400002
2014-12-15,15.303500175476074,40.807999
2014-12-16,14.753000259399414,39.562
2014-12-17,14.944000244140623,41.164001
2014-12-18,14.886500358581545,43.652
2014-12-19,14.994999885559082,43.858002
2014-12-22,15.32699966430664,44.52
2014-12-23,15.314499855041504,44.194
2014-12-24,15.15149974822998,44.452
2014-12-26,15.454500198364258,45.563999
2014-12-29,15.60200023651123,45.141998
2014-12-30,15.515000343322754,44.445999
2014-12-31,15.517499923706056,44.481998
2015-01-02,15.425999641418455,43.862
2015-01-05,15.10949993133545,42.018002
2015-01-06,14.76449966430664,42.256001
2015-01-07,14.92099952697754,42.189999
2015-01-08,15.02299976348877,42.124001
2015-01-09,14.846500396728516,41.332001
2015-01-12,14.570500373840332,40.442001
2015-01-13,14.737000465393066,40.849998
2015-01-14,14.66349983215332,38.537998
2015-01-15,14.34749984741211,38.374001
2015-01-16,14.536999702453612,38.613998
2015-01-20,14.472000122070312,38.386002
2015-01-21,14.862500190734863,39.313999
2015-01-22,15.515999794006348,40.324001
2015-01-23,15.619500160217283,40.257999
2015-01-26,15.482999801635742,41.310001
2015-01-27,15.337499618530272,41.195999
2015-01-28,15.195500373840332,39.874001
2015-01-29,15.58899974822998,41.040001
2015-01-30,17.726499557495117,40.720001
2015-02-02,18.223499298095703,42.188
2015-02-03,18.177499771118164,43.672001
2015-02-04,18.237499237060547,43.709999
2015-02-05,18.694499969482425,44.198002
2015-02-06,18.714000701904297,43.472
2015-02-09,18.527999877929688,43.495998
2015-02-10,18.649999618530273,43.257999
2015-02-11,18.756999969482425,42.560001
2015-02-12,18.85849952697754,40.576
2015-02-13,19.09149932861328,40.754002
2015-02-17,18.771499633789062,40.869999
2015-02-18,18.668500900268555,40.891998
2015-02-19,18.950000762939453,42.341999
2015-02-20,19.183000564575195,43.422001
2015-02-23,19.006999969482425,41.467999
2015-02-24,18.929500579833984,40.821999
2015-02-25,19.26849937438965,40.751999
2015-02-26,19.239999771118164,41.438
2015-02-27,19.007999420166016,40.667999
2015-03-02,19.28300094604492,39.466
2015-03-03,19.230499267578125,39.911999
2015-03-04,19.13599967956543,40.487999
2015-03-05,19.39150047302246,40.125999
2015-03-06,19.004499435424805,38.776001
2015-03-09,18.92799949645996,38.175999
2015-03-10,18.475500106811523,38.063999
2015-03-11,18.318500518798828,38.748001
2015-03-12,18.711999893188477,38.214001
2015-03-13,18.52899932861328,37.736
2015-03-16,18.667499542236328,39.139999
2015-03-17,18.59600067138672,38.945999
2015-03-18,18.756999969482425,40.141998
2015-03-19,18.66200065612793,39.130001
2015-03-20,18.92449951171875,39.616001
2015-03-23,18.75550079345703,39.925999
2015-03-24,18.704500198364254,40.344002
2015-03-25,18.54800033569336,38.860001
2015-03-26,18.36750030517578,38.082001
2015-03-27,18.527999877929688,37.0
2015-03-30,18.72949981689453,38.113998
2015-03-31,18.604999542236328,37.754002
2015-04-01,18.51300048828125,37.518002
2015-04-02,18.612499237060547,38.200001
2015-04-06,18.85199928283691,40.619999
2015-04-07,18.72050094604492,40.650002
2015-04-08,19.059999465942383,41.534
2015-04-09,19.177000045776367,42.018002
2015-04-10,19.13249969482422,42.18
2015-04-13,19.118000030517575,41.956001
2015-04-14,19.25550079345703,41.492001
2015-04-15,19.17250061035156,41.566002
2015-04-16,19.302000045776367,41.34
2015-04-17,18.777999877929688,41.358002
2015-04-20,19.475500106811523,41.054001
2015-04-21,19.55900001525879,41.882
2015-04-22,19.489999771118164,43.888
2015-04-23,19.499500274658203,43.720001
2015-04-24,22.25499916,43.686001
2015-04-27,21.92799949645996,46.310001
2015-04-28,21.465499877929688,46.096001
2015-04-29,21.46850014,46.490002
2015-04-30,21.089000701904297,45.209999
2015-05-01,21.14349937438965,45.206001
2015-05-04,21.152000427246097,46.102001
2015-05-05,21.059499740600582,46.59
2015-05-06,20.954999923706055,46.085999
2015-05-07,21.34399986,47.360001
2015-05-08,21.684499740600582,47.321999
2015-05-11,21.642499923706055,47.897999
2015-05-12,21.551000595092773,48.948002
2015-05-13,21.34350014,48.636002
2015-05-14,21.61400032043457,48.82
2015-05-15,21.299999237060547,49.768002
2015-05-18,21.261999130249023,49.75
2015-05-19,21.08550071716309,49.428001
2015-05-20,21.19300079345703,48.869999
2015-05-21,21.581499099731445,49.124001
2015-05-22,21.381500244140625,49.546001
2015-05-26,21.273500442504883,49.492001
2015-05-27,21.570999145507812,49.486
2015-05-28,21.328500747680664,50.290001
2015-05-29,21.46150016784668,50.16
2015-06-01,21.54599952697754,49.889999
2015-06-02,21.54949951171875,49.669998
2015-06-03,21.829500198364254,49.798
2015-06-04,21.538999557495117,49.183998
2015-06-05,21.34749984741211,49.827999
2015-06-08,21.174999237060547,51.257999
2015-06-09,21.27400016784668,51.200001
2015-06-10,21.53849983215332,50.139999
2015-06-11,21.648500442504883,50.282001
2015-06-12,21.496000289916992,50.138
2015-06-15,21.183500289916992,50.076
2015-06-16,21.363000869750977,50.624001
2015-06-17,21.39049911499023,52.082001
2015-06-18,21.969499588012695,52.377998
2015-06-19,21.746000289916992,52.501999
2015-06-22,21.81450080871582,51.958
2015-06-23,22.29949951171875,53.534
2015-06-24,22.04199981689453,53.034
2015-06-25,22.00499916,53.757999
2015-06-26,21.905000686645508,53.417999
2015-06-29,21.493000030517575,52.403999
2015-06-30,21.704500198364254,53.652
2015-07-01,21.86949920654297,53.830002
2015-07-02,21.885499954223633,56.004002
2015-07-06,21.802000045776367,55.944
2015-07-07,21.836000442504883,53.576
2015-07-08,21.48500061035156,50.992001
2015-07-09,21.719499588012695,51.584
2015-07-10,22.175500869750977,51.830002
2015-07-13,22.778499603271484,52.431999
2015-07-14,23.278499603271484,53.130001
2015-07-15,23.059499740600582,52.627998
2015-07-16,23.77400016784668,53.335999
2015-07-17,24.15049934387207,54.931999
2015-07-20,24.405000686645508,56.452
2015-07-21,24.399999618530273,53.354
2015-07-22,24.41349983215332,53.574001
2015-07-23,24.108999252319336,53.439999
2015-07-24,26.47100067138672,53.082001
2015-07-27,26.570499420166016,50.602001
2015-07-28,26.30150032043457,52.964001
2015-07-29,26.450000762939453,52.764
2015-07-30,26.83799934387207,53.358002
2015-07-31,26.80750084,53.23
2015-08-03,26.75149917602539,51.998001
2015-08-04,26.594999313354492,53.256001
2015-08-05,26.850500106811523,54.026001
2015-08-06,26.472999572753903,49.226002
2015-08-07,26.131000518798828,48.501999
2015-08-10,26.200000762939453,48.228001
2015-08-11,26.37299919128418,47.473999
2015-08-12,26.295499801635746,47.633999
2015-08-13,26.482999801635746,48.501999
2015-08-14,26.576000213623047,48.630001
2015-08-17,26.76099967956543,50.998001
2015-08-18,26.750999450683594,52.144001
2015-08-19,26.645999908447266,51.049999
2015-08-20,25.788999557495117,48.436001
2015-08-21,24.723499298095703,46.153999
2015-08-24,23.168500900268555,43.773998
2015-08-25,23.318500518798828,44.006001
2015-08-26,25.03849983215332,44.967999
2015-08-27,25.918500900268555,48.598
2015-08-28,25.90049934387207,49.695999
2015-08-31,25.644500732421875,49.812
2015-09-01,24.82699966430664,47.726002
2015-09-02,25.52750015258789,49.537998
2015-09-03,25.236000061035156,49.113998
2015-09-04,24.950000762939453,48.386002
2015-09-08,25.87700080871582,49.633999
2015-09-09,25.844499588012695,49.782001
2015-09-10,26.11199951171875,49.695999
2015-09-11,26.472000122070312,50.048
2015-09-14,26.069000244140625,50.638
2015-09-15,26.118499755859375,50.714001
2015-09-16,26.36949920654297,52.450001
2015-09-17,26.943500518798828,52.414001
2015-09-18,27.01300048828125,52.124001
2015-09-21,27.41950035095215,52.84
2015-09-22,26.920000076293945,52.188
2015-09-23,26.80349922180176,52.212002
2015-09-24,26.6875,52.624001
2015-09-25,26.212499618530273,51.382
2015-09-28,25.20299911499023,49.686001
2015-09-29,24.80349922180176,49.330002
2015-09-30,25.594499588012695,49.68
2015-10-01,26.035999298095703,47.976002
2015-10-02,26.62700080871582,49.514
2015-10-05,27.18400001525879,49.23
2015-10-06,26.874000549316406,48.292
2015-10-07,27.097000122070312,46.391998
2015-10-08,26.65800094604492,45.344002
2015-10-09,26.989999771118164,44.138
2015-10-12,27.50950050354004,43.116001
2015-10-13,27.44499969482422,43.849998
2015-10-14,27.241500854492188,43.375999
2015-10-15,28.121999740600582,44.262001
2015-10-16,28.538000106811523,45.402
2015-10-19,28.657499313354492,45.619999
2015-10-20,28.04400062561035,42.605999
2015-10-21,27.78849983215332,42.018002
2015-10-22,28.195499420166016,42.344002
2015-10-23,29.951499938964844,41.818001
2015-10-26,30.430500030517575,43.051998
2015-10-27,30.550500869750977,42.07
2015-10-28,30.854999542236328,42.591999
2015-10-29,31.32749938964844,42.326
2015-10-30,31.295000076293945,41.386002
2015-11-02,31.417499542236328,42.757999
2015-11-03,31.26549911499023,41.669998
2015-11-04,32.04750061035156,46.326
2015-11-05,32.782501220703125,46.354
2015-11-06,32.96849822998047,46.472
2015-11-09,32.77450180053711,45.066002
2015-11-10,32.98400115966797,43.299999
2015-11-11,33.662498474121094,43.816002
2015-11-12,33.279998779296875,42.588001
2015-11-13,32.11750030517578,41.438
2015-11-16,32.390499114990234,42.862
2015-11-17,32.165000915527344,42.799999
2015-11-18,33.176998138427734,44.214001
2015-11-19,33.063499450683594,44.360001
2015-11-20,33.42250061035156,44.001999
2015-11-23,33.949501037597656,43.549999
2015-11-24,33.557498931884766,43.650002
2015-11-25,33.766998291015625,45.928001
2015-11-27,33.66299819946289,46.321999
2015-11-30,33.24000168,46.051998
2015-12-01,33.952999114990234,47.438
2015-12-02,33.800498962402344,46.397999
2015-12-03,33.3125,46.542
2015-12-04,33.63199996948242,46.076
2015-12-07,33.49150085449219,46.226002
2015-12-08,33.86650085449219,45.344002
2015-12-09,33.239498138427734,44.903999
2015-12-10,33.11600112915039,45.414001
2015-12-11,32.00749969482422,43.403999
2015-12-14,32.89550018310547,43.716
2015-12-15,32.93199920654297,44.217999
2015-12-16,33.78850173950195,46.902
2015-12-17,33.532501220703125,46.678001
2015-12-18,33.207000732421875,46.091999
2015-12-21,33.22549819946289,46.512001
2015-12-22,33.157501220703125,45.990002
2015-12-23,33.185001373291016,45.939999
2015-12-24,33.13949966430664,46.113998
2015-12-28,33.75999832,45.790001
2015-12-29,34.69850158691406,47.438
2015-12-30,34.45349884033203,47.618
2015-12-31,33.794498443603516,48.001999
2016-01-04,31.84950065612793,44.681999
2016-01-05,31.68950080871582,44.686001
2016-01-06,31.63249969482422,43.807999
2016-01-07,30.39699935913086,43.130001
2016-01-08,30.352500915527344,42.200001
2016-01-11,30.886999130249023,41.57
2016-01-12,30.894500732421875,41.993999
2016-01-13,29.090499877929688,40.062
2016-01-14,29.649999618530273,41.236
2016-01-15,28.50900077819824,40.998001
2016-01-19,28.724000930786133,40.944
2016-01-20,28.588499069213867,39.740002
2016-01-21,28.750999450683594,39.993999
2016-01-22,29.819000244140625,40.509998
2016-01-25,29.826499938964844,39.276001
2016-01-26,30.0625,38.712002
2016-01-27,29.167499542236328,37.613998
2016-01-28,31.767499923706055,37.939999
2016-01-29,29.350000381469727,38.240002
2016-02-01,28.74049949645996,39.388
2016-02-02,27.604999542236328,36.556
2016-02-03,26.55349922180176,34.695999
2016-02-04,26.812999725341797,35.066002
2016-02-05,25.10650062561035,32.52
2016-02-08,24.405000686645508,29.598
2016-02-09,24.103500366210938,29.65
2016-02-10,24.52400016784668,28.733999
2016-02-11,25.19099998474121,30.094
2016-02-12,25.354000091552734,30.208
2016-02-16,26.05500030517578,31.034
2016-02-17,26.704999923706055,33.736
2016-02-18,26.25,33.354
2016-02-19,26.74500084,33.316002
2016-02-22,27.975000381469727,35.548
2016-02-23,27.64699935913086,35.442001
2016-02-24,27.70199966430664,35.799999
2016-02-25,27.75749969482422,37.486
2016-02-26,27.761499404907227,38.068001
2016-02-29,27.625999450683594,38.386002
2016-03-01,28.95199966430664,37.27
2016-03-02,29.010499954223633,37.667999
2016-03-03,28.874500274658203,39.147999
2016-03-04,28.756999969482425,40.208
2016-03-07,28.13999938964844,41.057999
2016-03-08,28.01300048828125,40.52
2016-03-09,27.973499298095703,41.743999
2016-03-10,27.94650077819824,41.035999
2016-03-11,28.480499267578125,41.5
2016-03-14,28.668500900268555,43.029999
2016-03-15,28.85099983215332,43.667999
2016-03-16,28.713499069213867,44.386002
2016-03-17,27.972000122070312,45.276001
2016-03-18,27.604000091552734,46.548
2016-03-21,27.698999404907227,47.664001
2016-03-22,28.02400016784668,46.848
2016-03-23,28.48150062561035,44.515999
2016-03-24,29.147499084472656,45.549999
2016-03-28,28.993499755859375,46.051998
2016-03-29,29.69300079345703,46.026001
2016-03-30,29.934499740600582,45.377998
2016-03-31,29.68199920654297,45.953999
2016-04-01,29.924999237060547,47.518002
2016-04-04,29.659500122070312,49.397999
2016-04-05,29.30699920654297,51.094002
2016-04-06,30.104000091552734,53.084
2016-04-07,29.57150077819824,51.439999
2016-04-08,29.729999542236328,50.014
2016-04-11,29.796499252319336,49.984001
2016-04-12,30.15850067138672,49.563999
2016-04-13,30.74099922180176,50.905998
2016-04-14,31.037500381469727,50.372002
2016-04-15,31.29450035095215,50.902
2016-04-18,31.767499923706055,50.776001
2016-04-19,31.395000457763672,49.473999
2016-04-20,31.649499893188477,49.993999
2016-04-21,31.549999237060547,49.658001
2016-04-22,31.024999618530273,50.75
2016-04-25,31.309999465942383,50.363998
2016-04-26,30.84399986,50.748001
2016-04-27,30.328500747680664,50.293999
2016-04-28,30.100000381469727,49.542
2016-04-29,32.97949981689453,48.152
2016-05-02,34.192501068115234,48.360001
2016-05-03,33.566001892089844,46.464001
2016-05-04,33.54499816894531,44.512001
2016-05-05,32.954498291015625,42.306
2016-05-06,33.69749832,42.986
2016-05-09,33.98749923706055,41.784
2016-05-10,35.153499603271484,41.737999
2016-05-11,35.66149902,41.792
2016-05-12,35.89649963378906,41.456001
2016-05-13,35.49599838256836,41.521999
2016-05-16,35.53300094604492,41.658001
2016-05-17,34.76350021362305,40.931999
2016-05-18,34.872501373291016,42.234001
2016-05-19,34.92599868774414,43.042
2016-05-20,35.13999938964844,44.056
2016-05-23,34.837501525878906,43.243999
2016-05-24,35.209999084472656,43.582001
2016-05-25,35.41749954223633,43.916
2016-05-26,35.74549865722656,45.023998
2016-05-27,35.61199951171875,44.608002
2016-05-31,36.13949966430664,44.646
2016-06-01,35.97200012207031,43.911999
2016-06-02,36.41199875,43.792
2016-06-03,36.277000427246094,43.798
2016-06-06,36.33649826049805,44.136002
2016-06-07,36.18700027,46.467999
2016-06-08,36.332000732421875,47.104
2016-06-09,36.38249969482422,45.872002
2016-06-10,35.89550018310547,43.757999
2016-06-13,35.762001037597656,43.574001
2016-06-14,35.96500015258789,42.992001
2016-06-15,35.71300125,43.540001
2016-06-16,35.87549973,43.585999
2016-06-17,35.31949996948242,43.094002
2016-06-20,35.70050048828125,43.939999
2016-06-21,35.79100036621094,43.922001
2016-06-22,35.529998779296875,39.332001
2016-06-23,36.104000091552734,39.279999
2016-06-24,34.948001861572266,38.630001
2016-06-27,34.56800079345703,39.709999
2016-06-28,35.397499084472656,40.358002
2016-06-29,35.779998779296875,42.037998
2016-06-30,35.78099822998047,42.456001
2016-07-01,36.28400039672851,43.299999
2016-07-05,36.404998779296875,42.796001
2016-07-06,36.88050079345703,42.888
2016-07-07,36.82849884033203,43.188
2016-07-08,37.29050064086914,43.355999
2016-07-11,37.68899917602539,44.956001
2016-07-12,37.410499572753906,44.93
2016-07-13,37.131500244140625,44.506001
2016-07-14,37.060001373291016,44.306
2016-07-15,36.77199935913086,44.080002
2016-07-18,36.80350112915039,45.25
2016-07-19,36.997501373291016,45.051998
2016-07-20,37.2859993,45.672001
2016-07-21,37.22150039672851,44.099998
2016-07-22,37.24300003051758,44.453999
2016-07-25,36.980499267578125,46.001999
2016-07-26,36.77949905395508,45.902
2016-07-27,36.833499908447266,45.698002
2016-07-28,37.63050079345703,46.122002
2016-07-29,37.94049835205078,46.958
2016-08-01,38.387001037597656,46.001999
2016-08-02,38.02899932861328,45.439999
2016-08-03,37.73199844360352,45.158001
2016-08-04,38.03850173950195,46.122002
2016-08-05,38.29899978637695,46.006001
2016-08-08,38.327999114990234,45.231998
2016-08-09,38.41550064086914,45.816002
2016-08-10,38.428001403808594,45.130001
2016-08-11,38.56200027,44.981998
2016-08-12,38.62799835205078,45.122002
2016-08-15,38.42449951171875,45.118
2016-08-16,38.20199966430664,44.722
2016-08-17,38.23149871826172,44.647999
2016-08-18,38.222999572753906,44.702
2016-08-19,37.865501403808594,45.0
2016-08-22,37.97399902,44.585999
2016-08-23,38.122501373291016,44.967999
2016-08-24,37.86249923706055,44.523998
2016-08-25,37.96099853515625,44.192001
2016-08-26,38.45000076293945,43.998001
2016-08-29,38.56449890136719,43.040001
2016-08-30,38.37900161743164,42.268002
2016-08-31,38.45800018310547,42.402
2016-09-01,38.53099822998047,40.153999
2016-09-02,38.62200164794922,39.556
2016-09-06,39.44350051879883,40.566002
2016-09-07,39.22399902,40.341999
2016-09-08,39.202999114990234,39.472
2016-09-09,38.00699996948242,38.894001
2016-09-12,38.574501037597656,39.66
2016-09-13,38.050498962402344,39.209999
2016-09-14,38.054500579833984,39.282001
2016-09-15,38.484500885009766,40.084
2016-09-16,38.92599868774414,41.080002
2016-09-19,38.755001068115234,41.268002
2016-09-20,39.01100158691406,40.928001
2016-09-21,39.48699951171875,41.043999
2016-09-22,40.23500061035156,41.285999
2016-09-23,40.287498474121094,41.490002
2016-09-26,39.95800018310547,41.798
2016-09-27,40.80550003051758,41.161999
2016-09-28,41.43600082397461,41.254002
2016-09-29,41.45249938964844,40.139999
2016-09-30,41.865501403808594,40.806
2016-10-03,41.83700180053711,42.740002
2016-10-04,41.70149993896485,42.282001
2016-10-05,42.21799850463867,41.692001
2016-10-06,42.08300018310547,40.200001
2016-10-07,41.97150039672851,39.321999
2016-10-10,42.08549880981445,40.189999
2016-10-11,41.54999923706055,40.02
2016-10-12,41.704498291015625,40.301998
2016-10-13,41.4640007,40.048
2016-10-14,41.14799880981445,39.301998
2016-10-17,40.647499084472656,38.792
2016-10-18,40.88249969482422,39.82
2016-10-19,40.884498596191406,40.712002
2016-10-20,40.51599884033203,39.82
2016-10-21,40.949501037597656,40.018002
2016-10-24,41.90449905395508,40.551998
2016-10-25,41.75899887084961,40.467999
2016-10-26,41.12950134277344,40.448002
2016-10-27,40.917999267578125,40.801998
2016-10-28,38.81600189208984,39.993999
2016-10-31,39.49100112915039,39.546001
2016-11-01,39.27050018310547,38.158001
2016-11-02,38.27799987792969,37.604
2016-11-03,38.35150146484375,37.484001
2016-11-04,37.752498626708984,38.112
2016-11-07,39.24649810791016,38.641998
2016-11-08,39.38750076293945,38.987999
2016-11-09,38.59400177001953,38.012001
2016-11-10,37.11899948120117,37.07
2016-11-11,36.95050048828125,37.712002
2016-11-14,35.95349884033203,36.290001
2016-11-15,37.16199875,36.754002
2016-11-16,37.324501037597656,36.785999
2016-11-17,37.81999969482422,37.731998
2016-11-18,38.007999420166016,37.004002
2016-11-21,39.0,36.903999
2016-11-22,39.26649856567383,38.234001
2016-11-23,39.00600051879883,38.627998
2016-11-25,39.01850128173828,39.330002
2016-11-28,38.33850098,39.223999
2016-11-29,38.125999450683594,37.914001
2016-11-30,37.52849960327149,37.880001
2016-12-01,37.182498931884766,36.375999
2016-12-02,37.016998291015625,36.293999
2016-12-05,37.96799850463867,37.360001
2016-12-06,38.23600006103515,37.169998
2016-12-07,38.520999908447266,38.630001
2016-12-08,38.36650085449219,38.458
2016-12-09,38.43299865722656,38.436001
2016-12-12,38.00600051879883,38.486
2016-12-13,38.71699905395508,39.630001
2016-12-14,38.44100189208984,39.737999
2016-12-15,38.04999923706055,39.515999
2016-12-16,37.88850021362305,40.498001
2016-12-19,38.29999923706055,40.546001
2016-12-20,38.56100082397461,41.757999
2016-12-21,38.529998779296875,41.540001
2016-12-22,38.31700134277344,41.689999
2016-12-23,38.02949905395508,42.667999
2016-12-27,38.56999969482422,43.905998
2016-12-28,38.60649871826172,43.948002
2016-12-29,38.25749969482422,42.936001
2016-12-30,37.493499755859375,42.737999
2017-01-03,37.68349838256836,43.397999
2017-01-04,37.85900115966797,45.397999
2017-01-05,39.022499084472656,45.349998
2017-01-06,39.79949951171875,45.801998
2017-01-09,39.84600067138672,46.256001
2017-01-10,39.79499816894531,45.973999
2017-01-11,39.95100021362305,45.945999
2017-01-12,40.68199920654297,45.917999
2017-01-13,40.85699844360352,47.549999
2017-01-17,40.48600006103515,47.116001
2017-01-18,40.374000549316406,47.672001
2017-01-19,40.45199966430664,48.751999
2017-01-20,40.416500091552734,48.945999
2017-01-23,40.89400100708008,49.784
2017-01-24,41.12200164794922,50.922001
2017-01-25,41.82600021362305,50.894001
2017-01-26,41.95750045776367,50.501999
2017-01-27,41.78850173950195,50.59
2017-01-30,41.51900100708008,50.125999
2017-01-31,41.17399978637695,50.386002
2017-02-01,41.61750030517578,49.848
2017-02-02,41.997501373291016,50.310001
2017-02-03,40.50999832,50.265999
2017-02-06,40.38199996948242,51.554001
2017-02-07,40.625,51.495998
2017-02-08,40.98550033569336,52.416
2017-02-09,41.06800079345703,53.84
2017-02-10,41.37300109863281,53.846001
2017-02-13,41.82649993896485,56.119999
2017-02-14,41.81949996948242,56.195999
2017-02-15,42.13499832,55.952
2017-02-16,42.207000732421875,53.790001
2017-02-17,42.25350189208984,54.445999
2017-02-21,42.821998596191406,55.478001
2017-02-22,42.78049850463867,54.702
2017-02-23,42.609500885009766,51.198002
2017-02-24,42.262001037597656,51.400002
2017-02-27,42.43199920654297,49.245998
2017-02-28,42.25199890136719,49.998001
2017-03-01,42.65399932861328,50.004002
2017-03-02,42.445499420166016,50.096001
2017-03-03,42.49399948120117,50.313999
2017-03-06,42.33050155639648,50.242001
2017-03-07,42.30099868774414,49.717999
2017-03-08,42.525001525878906,49.374001
2017-03-09,42.650001525878906,48.98
2017-03-10,42.62300109863281,48.737999
2017-03-13,42.72949981689453,49.234001
2017-03-14,42.62649917602539,51.599998
2017-03-15,42.64849853515625,51.146
2017-03-16,42.67100143432617,52.41
2017-03-17,42.615501403808594,52.299999
2017-03-20,42.8484993,52.383999
2017-03-21,42.15999984741211,50.136002
2017-03-22,42.40299987792969,51.001999
2017-03-23,42.36899948120117,50.956001
2017-03-24,42.28049850463867,52.632
2017-03-27,42.34099960327149,54.043999
2017-03-28,42.79999923706055,55.490002
2017-03-29,43.71599960327149,55.476002
2017-03-30,43.81700134277344,55.584
2017-03-31,44.32699966430664,55.66
2017-04-03,44.57550048828125,59.703999
2017-04-04,45.34149932861328,60.740002
2017-04-05,45.4640007,59.0
2017-04-06,44.91400146484375,59.740002
2017-04-07,44.74399948120117,60.507999
2017-04-10,45.35200119018555,62.478001
2017-04-11,45.11800003051758,61.742001
2017-04-12,44.811500549316406,59.368
2017-04-13,44.23350143432617,60.799999
2017-04-17,45.09949875,60.287998
2017-04-18,45.18899917602539,60.049999
2017-04-19,44.959999084472656,61.104
2017-04-20,45.10300064086914,60.501999
2017-04-21,44.92649841308594,61.119999
2017-04-24,45.37049865722656,61.605999
2017-04-25,45.38100051879883,62.757999
2017-04-26,45.464500427246094,62.034
2017-04-27,45.91899871826172,61.726002
2017-04-28,46.24950027,62.813999
2017-05-01,47.41149902,64.566002
2017-05-02,47.34700012207031,63.778
2017-05-03,47.05149841308594,62.203999
2017-05-04,46.87649917602539,59.091999
2017-05-05,46.70750045776367,61.669998
2017-05-08,47.45199966430664,61.438
2017-05-09,47.64099884033203,64.251999
2017-05-10,47.44749832,65.043999
2017-05-11,47.38100051879883,64.620003
2017-05-12,48.067501068115234,64.961998
2017-05-15,47.89849853515625,63.175999
2017-05-16,48.30350112915039,63.402
2017-05-17,47.237998962402344,61.222
2017-05-18,47.92449951171875,62.612
2017-05-19,47.992000579833984,62.166
2017-05-22,48.53350067138672,62.07
2017-05-23,48.57699966430664,60.771999
2017-05-24,49.01750183105469,62.043999
2017-05-25,49.66899871826172,63.366001
2017-05-26,49.78900146484375,65.028
2017-05-30,49.834999084472656,67.019997
2017-05-31,49.73099899291992,68.202003
2017-06-01,49.79750061035156,68.073997
2017-06-02,50.33649826049805,67.970001
2017-06-05,50.56700134277344,69.463997
2017-06-06,50.150001525878906,70.57
2017-06-07,50.50350189208984,71.93
2017-06-08,50.51350021362305,74.0
2017-06-09,48.91550064086914,71.463997
2017-06-12,48.24549865722656,71.802002
2017-06-13,49.03950119018555,75.190002
2017-06-14,48.82350158691406,76.132004
2017-06-15,48.208499908447266,75.068001
2017-06-16,49.385501861572266,74.279999
2017-06-19,49.75849914550781,73.959999
2017-06-20,49.62950134277344,74.447998
2017-06-21,50.11149978637695,75.279999
2017-06-22,50.064998626708984,76.522003
2017-06-23,50.18700027,76.690002
2017-06-26,49.69900131225586,75.498001
2017-06-27,48.8390007,72.473999
2017-06-28,49.51649856567383,74.248001
2017-06-29,48.79650115966797,72.150002
2017-06-30,48.400001525878906,72.321999
2017-07-03,47.68299865722656,70.524002
2017-07-05,48.56999969482422,65.417999
2017-07-06,48.25699996948242,61.765999
2017-07-07,48.93799973,62.644001
2017-07-10,49.82350158691406,63.209999
2017-07-11,49.70650100708008,65.444
2017-07-12,50.32550048828125,65.903999
2017-07-13,50.03150177001953,64.681999
2017-07-14,50.09049987792969,65.556
2017-07-17,50.50199890136719,63.914001
2017-07-18,51.22249984741211,65.648003
2017-07-19,51.34349822998047,65.052002
2017-07-20,51.435001373291016,65.984001
2017-07-21,51.28350067138672,65.68
2017-07-24,51.94749832,68.503998
2017-07-25,51.993499755859375,67.919998
2017-07-26,52.63999938964844,68.769997
2017-07-27,52.29999923706055,66.891998
2017-07-28,51.00199890136719,67.014
2017-07-31,49.38899993896485,64.694
2017-08-01,49.80950164794922,63.914001
2017-08-02,49.79449844360352,65.178001
2017-08-03,49.34600067138672,69.417999
2017-08-04,49.37900161743164,71.382004
2017-08-07,49.61349868774414,71.033997
2017-08-08,49.492000579833984,73.043999
2017-08-09,49.10049819946289,72.706001
2017-08-10,47.84600067138672,71.080002
2017-08-11,48.39950180053711,71.573997
2017-08-14,49.165000915527344,72.760002
2017-08-15,49.137001037597656,72.466003
2017-08-16,48.90900039672851,72.582001
2017-08-17,48.02849960327149,70.384003
2017-08-18,47.92350006103515,69.491997
2017-08-21,47.66450119018555,67.571999
2017-08-22,48.345001220703125,68.269997
2017-08-23,47.900001525878906,70.554001
2017-08-24,47.622501373291016,70.585999
2017-08-25,47.26300048828125,69.610001
2017-08-28,47.30099868774414,69.132004
2017-08-29,47.702999114990234,69.472
2017-08-30,48.37950134277344,70.636002
2017-08-31,49.029998779296875,71.18
2017-09-01,48.912498474121094,71.080002
2017-09-05,48.26350021362305,69.917999
2017-09-06,48.38999938964844,68.905998
2017-09-07,48.9734993,70.122002
2017-09-08,48.29499816894531,68.68
2017-09-11,48.89799880981445,72.737999
2017-09-12,49.12900161743164,72.550003
2017-09-13,49.97999954223633,73.246002
2017-09-14,49.61050033569336,75.528
2017-09-15,49.339500427246094,75.961998
2017-09-18,48.70949935913086,77.0
2017-09-19,48.49300003051758,75.019997
2017-09-20,48.660499572753906,74.781998
2017-09-21,48.23249816894531,73.295998
2017-09-22,47.755001068115234,70.218002
2017-09-25,46.989498138427734,68.998001
2017-09-26,46.93000030517578,69.050003
2017-09-27,47.54349899291992,68.194
2017-09-28,47.81999969482422,67.919998
2017-09-29,48.067501068115234,68.220001
2017-10-02,47.95949935913086,68.306
2017-10-03,47.85499954223633,69.627998
2017-10-04,48.272499084472656,71.001999
2017-10-05,49.04249954223633,71.066002
2017-10-06,49.479000091552734,71.375999
2017-10-09,49.54949951171875,68.587997
2017-10-10,49.36000061035156,71.117996
2017-10-11,49.75,70.919998
2017-10-12,50.04650115966797,71.136002
2017-10-13,50.14699935913086,71.113998
2017-10-16,50.31700134277344,70.120003
2017-10-17,50.45650100708008,71.150002
2017-10-18,49.849998474121094,71.93
2017-10-19,49.33050155639648,70.362
2017-10-20,49.14550018310547,69.019997
2017-10-23,48.314998626708984,67.403999
2017-10-24,48.79499816894531,67.468002
2017-10-25,48.64550018310547,65.167999
2017-10-26,48.62149810791016,65.234001
2017-10-27,55.04750061035156,64.174004
2017-10-30,55.54249954223633,64.015999
2017-10-31,55.26399993896485,66.306
2017-11-01,55.18399810791016,64.216003
2017-11-02,54.71099853515625,59.852001
2017-11-03,55.58000183105469,61.217999
2017-11-06,56.03300094604492,60.556
2017-11-07,56.15850067138672,61.209999
2017-11-08,56.64400100708008,60.877998
2017-11-09,56.45650100708008,60.598
2017-11-10,56.26750183105469,60.598
2017-11-13,56.458499908447266,63.080002
2017-11-14,56.84199905395508,61.740002
2017-11-15,56.33449935913086,62.259998
2017-11-16,56.864498138427734,62.5
2017-11-17,56.49399948120117,63.009998
2017-11-20,56.31549835205078,61.748001
2017-11-21,56.97449875,63.562
2017-11-22,57.80799865722656,62.52
2017-11-24,59.29999923706055,63.110001
2017-11-27,59.791500091552734,63.362
2017-11-28,59.68000030517578,63.509998
2017-11-29,58.063499450683594,61.507999
2017-11-30,58.837501525878906,61.77
2017-12-01,58.11750030517578,61.306
2017-12-04,56.69749832,61.040001
2017-12-05,57.07849884033203,60.740002
2017-12-06,57.61750030517578,62.652
2017-12-07,57.989498138427734,62.248001
2017-12-08,58.099998474121094,63.026001
2017-12-11,58.44599914550781,65.781998
2017-12-12,58.25400161743164,68.206001
2017-12-13,58.20650100708008,67.806
2017-12-14,58.71300125,67.578003
2017-12-15,58.957000732421875,68.690002
2017-12-18,59.52899932861328,67.774002
2017-12-19,59.36899948120117,66.220001
2017-12-20,58.88100051879883,65.795998
2017-12-21,58.737998962402344,66.332001
2017-12-22,58.417999267578125,65.040001
2017-12-26,58.83800125,63.458
2017-12-27,59.112998962402344,62.327999
2017-12-28,59.30500030517578,63.071999
2017-12-29,58.4734993,62.27
2018-01-02,59.45050048828125,64.106003
2018-01-03,60.209999084472656,63.450001
2018-01-04,60.47949981689453,62.924
2018-01-05,61.457000732421875,63.316002
2018-01-08,62.34349822998047,67.281998
2018-01-09,62.63499832,66.737999
2018-01-10,62.71649932861328,66.959999
2018-01-11,63.83399963378906,67.589996
2018-01-12,65.26000213623047,67.244003
2018-01-16,65.24299621582031,68.012001
2018-01-17,64.75,69.431999
2018-01-18,64.66600036621094,68.914001
2018-01-19,64.72899627685547,70.003998
2018-01-22,66.3655014,70.311996
2018-01-23,68.12699890136719,70.557999
2018-01-24,67.87550354003906,69.178001
2018-01-25,68.89749908447266,67.528
2018-01-26,70.10250091552734,68.57
2018-01-29,70.88400268554688,69.905998
2018-01-30,71.89099884033203,69.164001
2018-01-31,72.54450225830078,70.862
2018-02-01,69.5,69.849998
2018-02-02,71.49749755859375,68.75
2018-02-05,69.5,66.625999
2018-02-06,72.14199829101562,66.793999
2018-02-07,70.83899688720703,69.0
2018-02-08,67.52500153,63.046001
2018-02-09,66.98000336,62.084
2018-02-12,69.31150055,63.146
2018-02-13,70.72550201416016,64.732002
2018-02-14,72.55249786376953,64.461998
2018-02-15,73.08799743652344,66.814003
2018-02-16,72.43450164794922,67.098
2018-02-20,73.41750336,66.954002
2018-02-21,74.14600372314453,66.660004
2018-02-22,74.26699829101562,69.234001
2018-02-23,75.0,70.410004
2018-02-26,76.09750366210938,71.484001
2018-02-27,75.59899902,70.197998
2018-02-28,75.62249755859375,68.612
2018-03-01,74.67250061035156,66.185997
2018-03-02,75.01249694824219,67.024002
2018-03-05,76.18049621582031,66.669998
2018-03-06,76.88200378417969,65.639999
2018-03-07,77.25,66.459999
2018-03-08,77.59300231933594,65.82
2018-03-09,78.94450378417969,65.433998
2018-03-12,79.91950225830078,69.101997
2018-03-13,79.40899658203125,68.367996
2018-03-14,79.55000305175781,65.325996
2018-03-15,79.11599731445312,65.120003
2018-03-16,78.58399963378906,64.269997
2018-03-19,77.24649810791016,62.712002
2018-03-20,79.32550048828125,62.110001
2018-03-21,79.09300231933594,63.306
2018-03-22,77.24600219726562,61.82
2018-03-23,74.77799987792969,60.307999
2018-03-26,77.79299926757812,60.835999
2018-03-27,74.85250091552734,55.835999
2018-03-28,71.57099914550781,51.556
2018-03-29,72.36699676513672,53.226002
2018-04-02,68.59950256347656,50.495998
2018-04-03,69.60250091552734,53.506001
2018-04-04,70.52850341796875,57.388
2018-04-05,72.58750153,61.144001
2018-04-06,70.2614975,59.860001
2018-04-09,70.30400085449219,57.931999
2018-04-10,71.81099700927734,60.939999
2018-04-11,71.35250091552734,60.186001
2018-04-12,72.42500305175781,58.816002
2018-04-13,71.53949737548828,60.068001
2018-04-16,72.07499694824219,58.242001
2018-04-17,75.19149780273438,57.537998
2018-04-18,76.39199829101562,58.669998
2018-04-19,77.84549713134766,60.015999
2018-04-20,76.37449645996094,58.048
2018-04-23,75.89299774169922,56.674
2018-04-24,73.00450134277344,56.692001
2018-04-25,73.00849914550781,56.138
2018-04-26,75.89800262451172,57.096001
2018-04-27,78.63099670410156,58.816002
2018-04-30,78.30650329589844,58.779999
2018-05-01,79.11299896240234,59.984001
2018-05-02,78.48400115966797,60.23
2018-05-03,78.60399627685547,56.889999
2018-05-04,79.04750061035156,58.818001
2018-05-07,80.00700378417969,60.554001
2018-05-08,79.61949920654297,60.394001
2018-05-09,80.40000153,61.369999
2018-05-10,80.45400238,61.004002
2018-05-11,80.14550018310547,60.212002
2018-05-14,80.07700348,58.394001
2018-05-15,78.80599975585938,56.835999
2018-05-16,79.36399841308594,57.296001
2018-05-17,79.08799743652344,56.908001
2018-05-18,78.71849822998047,55.363998
2018-05-21,79.27300262451172,56.897999
2018-05-22,79.06999969482422,55.001999
2018-05-23,80.09300231933594,55.813999
2018-05-24,80.15350341796875,55.57
2018-05-25,80.50749969482422,55.77
2018-05-29,80.64350128173828,56.751999
2018-05-30,81.24449920654297,58.344002
2018-05-31,81.48100280761719,56.945999
2018-06-01,82.07700348,58.363998
2018-06-04,83.26349639892578,59.348
2018-06-05,84.81749725341797,58.226002
2018-06-06,84.78749847,63.900002
2018-06-07,84.46499633789062,63.217999
2018-06-08,84.19950103759766,63.532001
2018-06-11,84.45600128173828,66.419998
2018-06-12,84.9375,68.554001
2018-06-13,85.24299621582031,68.956001
2018-06-14,86.19300079345703,71.543999
2018-06-15,85.79850006103516,71.634003
2018-06-18,86.18949890136719,74.166
2018-06-19,86.73899841308594,70.510002
2018-06-20,87.50399780273438,72.444
2018-06-21,86.51100158691406,69.501999
2018-06-22,85.78350067138672,66.725998
2018-06-25,83.15750122070312,66.601997
2018-06-26,84.55449676513672,68.400002
2018-06-27,83.02549743652344,68.900002
2018-06-28,85.07250213623047,69.986
2018-06-29,84.98999786376953,68.589996
2018-07-02,85.68900299072266,67.014
2018-07-03,84.69799805,62.172001
2018-07-05,84.98650360107422,61.832001
2018-07-06,85.53150177001953,61.779999
2018-07-09,86.95099639892578,63.702
2018-07-10,87.15350341796875,64.494003
2018-07-11,87.75,63.792
2018-07-12,89.83100128173828,63.341999
2018-07-13,90.65149688720705,63.773998
2018-07-16,91.12449645996094,62.02
2018-07-17,92.19650268554688,64.538002
2018-07-18,92.14600372314452,64.769997
2018-07-19,90.64849853515624,64.045998
2018-07-20,90.68499755859376,62.716
2018-07-23,90.09999847,60.639999
2018-07-24,91.46199798583984,59.486
2018-07-25,93.18049621582033,61.748001
2018-07-26,90.40000153,61.330002
2018-07-27,90.8635025,59.436001
2018-07-30,88.96099853515625,58.034
2018-07-31,88.87200164794922,59.627998
2018-08-01,89.85849762,60.167999
2018-08-02,91.71649932861328,69.907997
2018-08-03,91.16449737548828,69.634003
2018-08-06,92.3874969482422,68.398003
2018-08-07,93.12400055,75.914001
2018-08-08,94.32599639892578,74.068001
2018-08-09,94.9260025,70.489998
2018-08-10,94.31500244140624,71.098
2018-08-13,94.80999755859376,71.281998
2018-08-14,95.98249816894533,69.528
2018-08-15,94.13099670410156,67.737999
2018-08-16,94.32599639892578,67.089996
2018-08-17,94.11100006103516,61.099998
2018-08-20,93.83550262451172,61.688
2018-08-21,94.17099762,64.379997
2018-08-22,95.24500274658205,64.328003
2018-08-23,95.14499664,64.019997
2018-08-24,95.26950073242188,64.564003
2018-08-27,96.38400268554688,63.854
2018-08-28,96.64099884033205,62.372002
2018-08-29,99.90499877929688,61.001999
2018-08-30,100.11900329589844,60.630001
2018-08-31,100.635498,60.332001
2018-09-04,101.97550201416016,57.790001
2018-09-05,99.74099731445312,56.147999
2018-09-06,97.91549682617188,56.189999
2018-09-07,97.60350036621094,52.647999
2018-09-10,96.95050048828124,57.099998
2018-09-11,99.35749816894533,55.888
2018-09-12,99.5,58.108002
2018-09-13,99.49349975585938,57.891998
2018-09-14,98.5094986,59.040001
2018-09-17,95.40149688720705,58.967999
2018-09-18,97.05249786376952,56.992001
2018-09-19,96.3209991455078,59.804001
2018-09-20,97.21499633789062,59.666
2018-09-21,95.75050354003906,59.82
2018-09-24,96.71800231933594,59.936001
2018-09-25,98.72750091552734,60.198002
2018-09-26,98.74250030517578,61.916
2018-09-27,100.64900207519533,61.504002
2018-09-28,100.1500015258789,52.953999
2018-10-01,100.21800231933594,62.139999
2018-10-02,98.56549835205078,60.203999
2018-10-03,97.63800048828124,58.959999
2018-10-04,95.47100067138672,56.366001
2018-10-05,94.48249816894533,52.389999
2018-10-08,93.22100067138672,50.112
2018-10-09,93.51599884033205,52.560001
2018-10-10,87.76249694824219,51.375999
2018-10-11,85.96800231933594,50.445999
2018-10-12,89.43049621582031,51.756001
2018-10-15,88.04750061035156,51.917999
2018-10-16,90.9980010986328,55.318001
2018-10-17,91.58650207519533,54.355999
2018-10-18,88.53600311279297,52.782001
2018-10-19,88.20149993896484,52.0
2018-10-22,89.46499633789062,52.189999
2018-10-23,88.43499755859375,58.827999
2018-10-24,83.20999908447266,57.700001
2018-10-25,89.10849762,62.972
2018-10-26,82.14050293,66.18
2018-10-29,76.94400024414062,66.970001
2018-10-30,76.52100372314453,65.980003
2018-10-31,79.90049743652344,67.463997
2018-11-01,83.27649688720703,68.856003
2018-11-02,83.27649688720703,69.281998
2018-11-05,81.38999938964844,68.279999
2018-11-06,82.14050293,68.211998
2018-11-07,87.77449798583984,69.632004
2018-11-08,87.74549865722656,70.279999
2018-11-09,85.62149810791016,70.101997
2018-11-12,81.84249877929688,66.255997
2018-11-13,81.55850219726562,67.746002
2018-11-14,79.95050048828125,68.800003
2018-11-15,80.97200012207031,69.688004
2018-11-16,79.67050170898438,70.862
2018-11-19,75.61450195,70.694
2018-11-20,74.77300262451172,69.498001
2018-11-21,75.83650207519531,67.638
2018-11-23,75.10299682617188,65.166
2018-11-26,79.06649780273438,69.199997
2018-11-27,79.07099914550781,68.783997
2018-11-28,83.88749694824219,69.573997
2018-11-29,83.67849731445312,68.234001
2018-11-30,84.50849914550781,70.096001
2018-12-03,88.61799621582031,71.697998
2018-12-04,83.41999816894531,71.940002
2018-12-06,84.95950317382812,72.612
2018-12-07,81.45649719238281,71.594002
2018-12-10,82.05149841308594,73.029999
2018-12-11,82.16200256347656,73.351997
2018-12-12,83.17700195,73.32
2018-12-13,82.91899871826172,75.358002
2018-12-14,79.59549713134766,73.141998
2018-12-17,76.04550170898438,69.683998
2018-12-18,77.5739975,67.405998
2018-12-19,74.75399780273438,66.594002
2018-12-20,73.04149627685547,63.076
2018-12-21,68.87249755859375,63.953999
2018-12-24,67.19799805,59.077999
2018-12-26,73.54499816894531,65.218002
2018-12-27,73.08200073242188,63.226002
2018-12-28,73.90100098,66.774002
2018-12-31,75.09850311279297,66.559998
2019-01-02,76.95649719238281,62.023998
2019-01-03,75.01399993896484,60.071999
2019-01-04,78.76950073242188,63.537998
2019-01-07,81.47550201416016,66.991997
2019-01-08,82.82900238,67.07
2019-01-09,82.97100067138672,67.706001
2019-01-10,82.81099700927734,68.994003
2019-01-11,82.02799987792969,69.452003
2019-01-14,80.86049652,66.879997
2019-01-15,83.72799682617188,68.886002
2019-01-16,84.18900299072266,69.209999
2019-01-17,84.66100311279297,69.461998
2019-01-18,84.80999755859375,60.452
2019-01-22,81.60849762,59.784
2019-01-23,82.00099945,57.518002
2019-01-24,82.74649810791016,58.301998
2019-01-25,83.52850341796875,59.408001
2019-01-28,81.89450073242188,59.276001
2019-01-29,79.69400024414062,59.492001
2019-01-30,83.52149963378906,61.754002
2019-01-31,85.93650055,61.403999
2019-02-01,81.31150055,62.442001
2019-02-04,81.66549682617188,62.577999
2019-02-05,82.94049835205078,64.269997
2019-02-06,82.01300048828125,63.444
2019-02-07,80.71849822998047,61.501999
2019-02-08,79.41100311279297,61.16
2019-02-11,79.55000305175781,62.568001
2019-02-12,81.90049743652344,62.362
2019-02-13,82.0,61.633999
2019-02-14,81.13249969482422,60.754002
2019-02-15,80.39749908447266,61.576
2019-02-19,81.37899780273438,61.127998
2019-02-20,81.10500336,60.512001
2019-02-21,80.97200012207031,58.245998
2019-02-22,81.57800293,58.942001
2019-02-25,81.65000153,59.754002
2019-02-26,81.81999969482422,59.571999
2019-02-27,82.05449676513672,62.948002
2019-02-28,81.99150085449219,63.976002
2019-03-01,83.58650207519531,58.958
2019-03-04,84.80850219726562,57.071999
2019-03-05,84.62149810791016,55.307999
2019-03-06,83.44750213623047,55.248001
2019-03-07,81.29750061035156,55.318001
2019-03-08,81.04000091552734,56.827999
2019-03-11,83.53099822998047,58.183998
2019-03-12,83.65499877929688,56.672001
2019-03-13,84.54049682617188,57.792
2019-03-14,84.31099700927734,57.992001
2019-03-15,85.61799621582031,55.085999
2019-03-18,87.10749816894531,53.897999
2019-03-19,88.09249877929688,53.493999
2019-03-20,89.8635025,54.720001
2019-03-21,90.96299743652344,54.804001
2019-03-22,88.2385025,52.905998
2019-03-25,88.71299743652344,52.084
2019-03-26,89.18800354003906,53.554001
2019-03-27,88.28500366210938,54.966
2019-03-28,88.67099762,55.723999
2019-03-29,89.03749847,55.972
2019-04-01,90.70950317382812,57.835999
2019-04-02,90.6989975,57.175999
2019-04-03,91.03500366210938,58.362
2019-04-04,90.94300079345705,53.556
2019-04-05,91.86399841308594,54.992001
2019-04-08,92.49299621582033,54.639999
2019-04-09,91.79199981689452,54.462002
2019-04-10,92.3665008544922,55.212002
2019-04-11,92.20349884033205,53.683998
2019-04-12,92.15299987792967,53.540001
2019-04-15,92.24349975585938,53.276001
2019-04-16,93.15200043,54.672001
2019-04-17,93.24099731445312,54.245998
2019-04-18,93.08450317382812,54.652
2019-04-22,94.3655014,52.549999
2019-04-23,96.18849945,52.779999
2019-04-24,95.08750153,51.731998
2019-04-25,95.1125030517578,49.526001
2019-04-26,97.53150177001952,47.028
2019-04-29,96.92150115966795,48.293999
2019-04-30,96.32599639892578,47.737999
2019-05-01,95.57599639892578,46.801998
2019-05-02,95.04100036621094,48.82
2019-05-03,98.1230010986328,51.006001
2019-05-06,97.52749633789062,51.068001
2019-05-07,96.0500030517578,49.411999
2019-05-08,95.88849639892578,48.967999
2019-05-09,94.99349975585938,48.396
2019-05-10,94.49900055,47.903999
2019-05-13,91.13400268554688,45.402
2019-05-14,92.00599670410156,46.462002
2019-05-15,93.55750274658205,46.389999
2019-05-16,95.37850189208984,45.666
2019-05-17,93.4499969482422,42.206001
2019-05-20,92.94850158691406,41.071999
2019-05-21,92.87599945,41.015999
2019-05-22,92.98400115966795,38.546001
2019-05-23,90.77400207519533,39.098
2019-05-24,91.16400146484376,38.125999
2019-05-28,91.82150268554688,37.740002
2019-05-29,90.95950317382812,37.972
2019-05-30,90.81600189208984,37.644001
2019-05-31,88.75350189208984,37.032001
2019-06-03,84.6344986,35.793999
2019-06-04,86.47799682617188,38.720001
2019-06-05,86.92500305175781,39.318001
2019-06-06,87.71800231933594,41.189999
2019-06-07,90.20149993896484,40.900002
2019-06-10,93.03150177001952,42.576
2019-06-11,93.18499755859376,43.419998
2019-06-12,92.76599884033205,41.852001
2019-06-13,93.51499938964844,42.782001
2019-06-14,93.48349762,42.984001
2019-06-17,94.30149841308594,45.006001
2019-06-18,95.06849670410156,44.948002
2019-06-19,95.4394989013672,45.285999
2019-06-20,95.90950012207033,43.924
2019-06-21,95.56500244140624,44.372002
2019-06-24,95.69499969482422,44.728001
2019-06-25,93.91349792480467,43.952
2019-06-26,94.89150238,43.854
2019-06-27,95.21399688720705,44.568001
2019-06-28,94.68150329589844,44.692001
2019-07-01,96.10949707,45.433998
2019-07-02,96.71549987792967,44.91
2019-07-03,96.9499969482422,46.98
2019-07-05,97.14550018310548,46.619999
2019-07-08,97.61599731445312,46.068001
2019-07-09,99.41500091552734,46.012001
2019-07-10,100.87049865722656,47.784
2019-07-11,100.05349731445312,47.720001
2019-07-12,100.5500030517578,49.015999
2019-07-15,101.04949951171876,50.700001
2019-07-16,100.49500274658205,50.476002
2019-07-17,99.60150146484376,50.972
2019-07-18,98.89499664,50.708
2019-07-19,98.22599792480467,51.636002
2019-07-22,99.28150177001952,51.136002
2019-07-23,99.72450256347656,52.034
2019-07-24,100.04049682617188,52.976002
2019-07-25,98.69100189208984,45.764
2019-07-26,97.15249633789062,45.608002
2019-07-29,95.62249755859376,47.153999
2019-07-30,94.92649841308594,48.452
2019-07-31,93.33899688720705,48.321999
2019-08-01,92.76599884033205,46.77
2019-08-02,91.16200256347656,46.868
2019-08-05,88.25650024414062,45.664001
2019-08-06,89.39150238,46.150002
2019-08-07,89.66999816894531,46.683998
2019-08-08,91.64450073242188,47.66
2019-08-09,90.37899780273438,47.001999
2019-08-12,89.24600219726562,45.801998
2019-08-13,91.21700286865234,47.0
2019-08-14,88.14800262451172,43.924
2019-08-15,88.80599975585938,43.127998
2019-08-16,89.62850189208984,43.987999
2019-08-19,90.80599975585938,45.366001
2019-08-20,90.06900024414062,45.172001
2019-08-21,91.17700195,44.166
2019-08-22,90.23300170898438,44.43
2019-08-23,87.48100280761719,42.279999
2019-08-26,88.44349670410156,43.0
2019-08-27,88.09149932861328,42.816002
2019-08-28,88.21250153,43.118
2019-08-29,89.31999969482422,44.341999
2019-08-30,88.81449890136719,45.122002
2019-09-03,89.49199676513672,45.001999
2019-09-04,90.03099822998047,44.136002
2019-09-05,92.03600311279295,45.916
2019-09-06,91.67549896240234,45.490002
2019-09-09,91.56749725341795,46.358002
2019-09-10,91.02749633789062,47.108002
2019-09-11,91.14949798583984,49.419998
2019-09-12,92.17749786376952,49.174
2019-09-13,91.96700286865234,49.040001
2019-09-16,90.39199829101562,48.562
2019-09-17,91.12750244140624,48.958
2019-09-18,90.8730010986328,48.698002
2019-09-19,91.0749969482422,49.32
2019-09-20,89.70800018310547,48.124001
2019-09-23,89.26499938964844,48.245998
2019-09-24,87.08049774169922,44.641998
2019-09-25,88.41649627685547,45.740002
2019-09-26,86.99199676513672,48.512001
2019-09-27,86.27249908447266,48.425999
2019-09-30,86.79550170898438,48.174
2019-10-01,86.78250122070312,48.938
2019-10-02,85.66149902,48.625999
2019-10-03,86.22100067138672,46.605999
2019-10-04,86.98249816894531,46.285999
2019-10-07,86.63300323486328,47.543999
2019-10-08,85.27549743652344,48.009998
2019-10-09,86.09950256347656,48.905998
2019-10-10,86.01300048828125,48.948002
2019-10-11,86.59600067138672,49.577999
2019-10-14,86.82150268554688,51.391998
2019-10-15,88.36900329589844,51.577999
2019-10-16,88.87149810791016,51.950001
2019-10-17,89.37400055,52.394001
2019-10-18,87.87550354003906,51.389999
2019-10-21,89.28299713134766,50.700001
2019-10-22,88.28649902,51.116001
2019-10-23,88.10849762,50.936001
2019-10-24,89.03900146484375,59.936001
2019-10-25,88.06649780273438,65.625999
2019-10-28,88.85399627685547,65.542
2019-10-29,88.13549805,63.243999
2019-10-30,88.99949645996094,63.001999
2019-10-31,88.83300018310547,62.984001
2019-11-01,89.5719986,62.661999
2019-11-04,90.23300170898438,63.493999
2019-11-05,90.08550262451172,63.444
2019-11-06,89.78849792480469,65.316002
2019-11-07,89.41000366210938,67.108002
2019-11-08,89.29399871826172,67.428001
2019-11-11,88.58249664,69.017998
2019-11-12,88.90000153,69.986
2019-11-13,87.65550231933594,69.222
2019-11-14,87.73000336,69.870003
2019-11-15,86.97450256347656,70.433998
2019-11-18,87.62650299072266,69.998001
2019-11-19,87.63950348,71.903999
2019-11-20,87.27649688720703,70.444
2019-11-21,86.73549652,70.966003
2019-11-22,87.28600311279297,66.608002
2019-11-25,88.69200134277344,67.267998
2019-11-26,89.84700012207031,65.783997
2019-11-27,90.92549896240234,66.258003
2019-11-29,90.04000091552734,65.987999
2019-12-02,89.08000183105469,66.973999
2019-12-03,88.49800109863281,67.239998
2019-12-04,88.03450012207031,66.606003
2019-12-05,87.02400207519531,66.073997
2019-12-06,87.58000183105469,67.178001
2019-12-09,87.47550201416016,67.905998
2019-12-10,86.96050262451172,69.767998
2019-12-11,87.43599700927734,70.540001
2019-12-12,88.01650238,71.935997
2019-12-13,88.04699707,71.678001
2019-12-16,88.46050262451172,76.300003
2019-12-17,89.53299713134766,75.797997
2019-12-18,89.20149993896484,78.629997
2019-12-19,89.61399841308594,80.807999
2019-12-20,89.32499694824219,81.117996
2019-12-23,89.65000153,83.844002
2019-12-24,89.46050262451172,85.050003
2019-12-26,93.43849945,86.188004
2019-12-27,93.48999786376952,86.075996
2019-12-30,92.34449768066406,82.940002
2019-12-31,92.39199829101562,83.666
2020-01-02,94.90049743652344,86.052002
2020-01-03,93.74849700927734,88.601997
2020-01-06,95.1439971923828,90.307999
2020-01-07,95.34300231933594,93.811996
2020-01-08,94.59850311279295,98.428001
2020-01-09,95.05249786376952,96.267998
2020-01-10,94.15799713134766,95.629997
2020-01-13,94.56500244140624,104.972
2020-01-14,93.47200012207033,107.584
2020-01-15,93.10099792480467,103.699997
2020-01-16,93.89700317382812,102.697998
2020-01-17,93.23600006103516,102.099998
2020-01-21,94.59999847,109.440002
2020-01-22,94.3730010986328,113.912003
2020-01-23,94.22899627685548,114.440002
2020-01-24,93.08200073242188,112.963997
2020-01-27,91.41699981689452,111.603996
2020-01-28,92.66249847,113.379997
2020-01-29,92.90000153,116.197998
2020-01-30,93.53399658203124,128.162003
2020-01-31,100.43599700927734,130.113998
2020-02-03,100.20999908447266,156.0
2020-02-04,102.4834976196289,177.412003
2020-02-05,101.99349975585938,146.940002
2020-02-06,102.5114974975586,149.792007
2020-02-07,103.96399688720705,149.613998
2020-02-10,106.69550323486328,154.255997
2020-02-11,107.54000091552734,154.876007
2020-02-12,108.0,153.457993
2020-02-13,107.49349975585938,160.800003
2020-02-14,106.74349975585938,160.005997
2020-02-18,107.78350067138672,171.679993
2020-02-19,108.51100158691406,183.483994
2020-02-20,107.65499877929688,179.882004
2020-02-21,104.79850006103516,180.199997
2020-02-24,100.4645004272461,166.757996
2020-02-25,98.63700103759766,159.981995
2020-02-26,98.97949981689452,155.759995
2020-02-27,94.21499633789062,135.800003
2020-02-28,94.1875,133.598007
2020-03-02,97.69750213623048,148.723999
2020-03-03,95.44950103759766,149.102005
2020-03-04,98.79149627685548,149.899994
2020-03-05,96.20149993896484,144.908005
2020-03-06,95.05449676513672,140.695999
2020-03-09,90.03050231933594,121.599998
2020-03-10,94.59100341796876,129.065994
2020-03-11,91.04299926757812,126.846001
2020-03-12,83.83049774169922,112.110001
2020-03-13,89.25,109.323997
2020-03-16,84.45749664,89.014
2020-03-17,90.39199829101562,86.040001
2020-03-18,91.5,72.244003
2020-03-19,94.04650115966795,85.528
2020-03-20,92.30449676513672,85.505997
2020-03-23,95.14150238,86.858002
2020-03-24,97.00499725341795,101.0
2020-03-25,94.29199981689452,107.849998
2020-03-26,97.77449798583984,105.632004
2020-03-27,95.00499725341795,102.872002
2020-03-30,98.19750213623048,100.426003
2020-03-31,97.48600006103516,104.800003
2020-04-01,95.38500213623048,96.311996
2020-04-02,95.94149780273438,90.893997
2020-04-03,95.32949829101562,96.001999
2020-04-06,99.87950134277344,103.248001
2020-04-07,100.58000183105467,109.089996
2020-04-08,102.1500015258789,109.767998
2020-04-09,102.13800048828124,114.599998
2020-04-13,108.44349670410156,130.190002
2020-04-14,114.16600036621094,141.977997
2020-04-15,115.38400268554688,145.966003
2020-04-16,120.40950012207033,149.042007
2020-04-17,118.75,150.778
2020-04-20,119.68049621582033,149.272003
2020-04-21,116.40599822998048,137.343994
2020-04-22,118.17449951171876,146.421997
2020-04-23,119.97250366210938,141.126007
2020-04-24,120.51100158691406,145.029999
2020-04-27,118.8000030517578,159.75
2020-04-28,115.7040023803711,153.824005
2020-04-29,118.635498,160.102005
2020-04-30,123.6999969482422,156.376007
2020-05-01,114.302002,140.264008
2020-05-04,115.79949951171876,152.238007
2020-05-05,115.88999938964844,153.641998
2020-05-06,117.56300354003906,156.516006
2020-05-07,118.38050079345705,156.007996
2020-05-08,118.98049926757812,163.884003
2020-05-11,120.4499969482422,162.257996
2020-05-12,117.84750366210938,161.882004
2020-05-13,118.39600372314452,158.192001
2020-05-14,119.44249725341795,160.666
2020-05-15,120.48899841308594,159.834
2020-05-18,121.31300354003906,162.725998
2020-05-19,122.46649932861328,161.602005
2020-05-20,124.89700317382812,163.112
2020-05-21,122.33699798583984,165.520004
2020-05-22,121.84400177001952,163.376007
2020-05-26,121.09300231933594,163.774002
2020-05-27,120.51950073242188,164.046005
2020-05-28,120.05500030517578,161.162003
2020-05-29,122.11849975585938,167.0
2020-06-01,123.552002,179.619995
2020-06-02,123.62049865722656,176.311996
2020-06-03,123.91999816894533,176.591995
2020-06-04,123.02999877929688,172.876007
2020-06-05,124.1500015258789,177.132004
2020-06-08,126.2030029296875,189.983994
2020-06-09,130.04299926757812,188.134003
2020-06-10,132.37249755859375,205.009995
2020-06-11,127.89800262451172,194.567993
2020-06-12,127.2509994506836,187.056
2020-06-15,128.63400268554688,198.179993
2020-06-16,130.7635040283203,196.425995
2020-06-17,132.0489959716797,198.358002
2020-06-18,132.69900512695312,200.792007
2020-06-19,133.75050354003906,200.179993
2020-06-22,135.6909942626953,198.863998
2020-06-23,138.2205047607422,200.356003
2020-06-24,136.72000122070312,192.169998
2020-06-25,137.7290039,197.195999
2020-06-26,134.64349365234375,191.947998
2020-06-29,134.0189971923828,201.869995
2020-06-30,137.9409942626953,215.962006
2020-07-01,143.93499755859375,223.925995
2020-07-02,144.51499938964844,241.731995
2020-07-06,152.8520050048828,274.31601
2020-07-07,150.00599670410156,277.971985
2020-07-08,154.0554962158203,273.175995
2020-07-09,159.13150024414062,278.855988
2020-07-10,160.0,308.929993
2020-07-13,155.1999969482422,299.411987
2020-07-14,154.1999969482422,303.359985
2020-07-15,150.44349670410156,309.201996
2020-07-16,149.9949951171875,300.127991
2020-07-17,148.09849548339844,300.167999
2020-07-20,159.8419952392578,328.600006
2020-07-21,156.9145050048828,313.671997
2020-07-22,154.99549865722656,318.466003
2020-07-23,149.32749938964844,302.614014
2020-07-24,150.44549560546875,283.399994
2020-07-27,152.760498,307.920013
2020-07-28,150.01649475097656,295.298004
2020-07-29,151.67649841308594,299.821991
2020-07-30,152.5939941,297.497986
2020-07-31,158.23399353027344,286.152008
2020-08-03,155.59449768066406,297.0
2020-08-04,156.94149780273438,297.399994
2020-08-05,160.25149536132812,297.003998
2020-08-06,161.25,297.915985
2020-08-07,158.3730010986328,290.541992
2020-08-10,157.4080047607422,283.713989
2020-08-11,154.0334930419922,274.877991
2020-08-12,158.11199951171875,310.951996
2020-08-13,158.05099487304688,324.200012
2020-08-14,157.4010009765625,330.141998
2020-08-17,159.12049865722656,367.127991
2020-08-18,165.62449645996094,377.417999
2020-08-19,163.0240020751953,375.705994
2020-08-20,164.86849975585938,400.365997
2020-08-21,164.23599243164062,409.996002
2020-08-24,165.3730010986328,402.839996
2020-08-25,167.32449340820312,404.667999
2020-08-26,172.09249877929688,430.634003
2020-08-27,170.0,447.75
2020-08-28,170.08999633789062,442.679993
2020-08-31,172.54800415039062,498.320007
2020-09-01,174.95599365234375,475.049988
2020-09-02,176.57249450683594,447.369995
2020-09-03,168.39999389648438,407.0
2020-09-04,164.7310028076172,418.320007
2020-09-08,157.49200439453125,330.209991
2020-09-09,163.4304962158203,366.279999
2020-09-10,158.7554931640625,371.339996
2020-09-11,155.81100463867188,372.720001
2020-09-14,155.14849853515625,419.619995
2020-09-15,157.80650329589844,449.76001
2020-09-16,153.90499877929688,441.76001
2020-09-17,150.43649291992188,423.429993
2020-09-18,147.74549865722656,442.149994
2020-09-21,148.02349853515625,449.390015
2020-09-22,156.44949340820312,424.230011
2020-09-23,149.9929962158203,380.359985
2020-09-24,150.989502,387.790009
2020-09-25,154.75650024414062,407.339996
2020-09-28,158.70249938964844,421.200012
2020-09-29,157.24400329589844,419.070007
2020-09-30,157.43649291992188,429.01001
2020-10-01,161.06300354003906,448.160004
2020-10-02,156.25,415.089996
2020-10-05,159.9600067138672,425.679993
2020-10-06,154.9980010986328,413.980011
2020-10-07,159.7845001220703,425.299988
2020-10-08,159.52749633789062,425.920013
2020-10-09,164.33250427246094,434.0
2020-10-12,172.14649963378906,442.299988
2020-10-13,172.18150329589844,446.649994
2020-10-14,168.1855010986328,461.299988
2020-10-15,166.9324951171875,448.880005
2020-10-16,163.635498,439.670013
2020-10-19,160.36050415039062,430.829987
2020-10-20,160.85049438476562,421.940002
2020-10-21,159.2469940185547,422.640015
2020-10-22,158.82000732421875,425.790009
2020-10-23,160.22000122070312,420.630005
2020-10-26,160.3520050048828,420.279999
2020-10-27,164.31649780273438,424.679993
2020-10-28,158.13900756835938,406.019989
2020-10-29,160.55050659179688,410.829987
2020-10-30,151.8074951171875,388.040009
2020-11-02,150.2239990234375,400.51001
2020-11-03,152.42050170898438,423.899994
2020-11-04,162.05799865722656,420.980011
2020-11-05,166.10000610351562,438.089996
2020-11-06,165.56849670410156,429.950012
2020-11-09,157.18699645996094,421.26001
2020-11-10,151.75100708007812,410.359985
2020-11-11,156.8695068359375,417.130005
2020-11-12,155.51400756835938,411.76001
2020-11-13,156.4405059814453,408.5
2020-11-16,156.55299377441406,408.089996
2020-11-17,156.7830047607422,441.609985
2020-11-18,155.2729949951172,486.640015
2020-11-19,155.8509979248047,499.269989
2020-11-20,154.97000122070312,489.609985
2020-11-23,154.91949462890625,521.849976
2020-11-24,155.9029998779297,555.380005
2020-11-25,159.2534942626953,574.0
2020-11-27,159.76699829101562,585.76001
2020-11-30,158.40199279785156,567.599976
2020-12-01,161.00399780273438,584.76001
2020-12-02,160.17649841308594,568.820007
2020-12-03,159.3365020751953,593.380005
2020-12-04,158.12899780273438,599.039978
2020-12-07,157.89999389648438,641.76001
2020-12-08,158.864502,649.880005
2020-12-09,155.2100067138672,604.47998
2020-12-10,155.07449340820312,627.070007
2020-12-11,155.8209991455078,609.98999
2020-12-14,157.84849548339844,639.830017
2020-12-15,158.25599670410156,633.25
2020-12-16,162.04800415039062,622.77002
2020-12-17,161.8040008544922,655.900024
2020-12-18,160.08250427246094,695.0
2020-12-21,160.3090057373047,649.859985
2020-12-22,160.3260040283203,640.340027
2020-12-23,159.2635040283203,645.97998
2020-12-24,158.63450622558594,661.77002
2020-12-28,164.197998,663.690002
2020-12-29,166.10000610351562,665.98999
2020-12-30,164.29249572753906,694.780029
2020-12-31,162.84649658203125,705.669983
2021-01-04,159.3314971923828,729.77002
2021-01-05,160.92550659179688,735.109985
2021-01-06,156.91900634765625,755.97998
2021-01-07,158.10800170898438,816.039978
2021-01-08,159.13499450683594,880.02002
2021-01-11,155.7104949951172,811.190002
2021-01-12,156.0415039,849.440002
2021-01-13,158.29449462890625,854.409973
2021-01-14,156.37350463867188,845.0
2021-01-15,155.21249389648438,826.159973
2021-01-19,156.03799438476562,844.549988
2021-01-20,163.16900634765625,850.450012
2021-01-21,165.34950256347656,844.98999
2021-01-22,164.6114959716797,846.640015
2021-01-25,164.6999969482422,880.799988
2021-01-26,166.30650329589844,883.090027
2021-01-27,161.62899780273438,864.159973
2021-01-28,161.88099670410156,835.429993
2021-01-29,160.30999755859375,793.530029
2021-02-01,167.1439971923828,839.809998
2021-02-02,169.0,872.789978
2021-02-03,165.62649536132812,854.690002
2021-02-04,166.5500030517578,849.98999
2021-02-05,167.6074981689453,852.22998
2021-02-08,166.14700317382812,863.419983
2021-02-09,165.25,849.460022
2021-02-10,164.32899475097656,804.820007
2021-02-11,163.10650634765625,811.659973
2021-02-12,163.885498,816.119995
2021-02-16,163.44749450683594,796.219971
2021-02-17,165.4320068359375,798.150024
2021-02-18,166.4114990234375,787.380005
2021-02-19,162.4949951171875,781.299988
2021-02-22,159.03700256347656,714.5
2021-02-23,159.72500610351562,698.840027
2021-02-24,157.97650146484375,742.02002
2021-02-25,152.85800170898438,682.219971
2021-02-26,154.64649963378906,675.5
2021-03-01,157.3070068359375,718.429993
2021-03-02,154.72650146484375,686.440002
2021-03-03,150.25,653.200012
2021-03-04,148.8784942626953,621.440002
2021-03-05,150.0229949951172,597.950012
2021-03-08,147.59750366210938,563.0
2021-03-09,153.1425018310547,673.580017
2021-03-10,152.8820037841797,668.059998
2021-03-11,155.67950439453125,699.599976
2021-03-12,154.47450256347656,693.72998
2021-03-15,154.08399963378906,707.940002
2021-03-16,154.59300231933594,676.880005
2021-03-17,156.7864990234375,701.809998
2021-03-18,151.39950561523438,653.159973
2021-03-19,153.7480010986328,654.869995
2021-03-22,155.5435028076172,670.0
2021-03-23,156.875,662.159973
2021-03-24,154.35350036621094,630.27002
2021-03-25,152.31300354003906,640.390015
2021-03-26,152.60150146484375,618.710022
2021-03-29,153.7864990234375,611.289978
2021-03-30,152.76449584960938,635.619995
2021-03-31,154.70399475097656,667.929993
2021-04-01,158.0500030517578,661.75
2021-04-05,161.3365020751953,691.049988
2021-04-06,161.1909942626953,691.619995
2021-04-07,163.96949768066406,670.969971
2021-04-08,164.96499633789062,683.799988
2021-04-09,168.61000061035156,677.02002
2021-04-12,168.96949768066406,701.97998
2021-04-13,170.0,762.320007
2021-04-14,166.64999389648438,732.22998
2021-04-15,168.95449829101562,738.849976
2021-04-16,169.9720001220703,739.780029
2021-04-19,168.60049438476562,714.630005
2021-04-20,166.7344970703125,718.98999
2021-04-21,168.1009979248047,744.119995
2021-04-22,165.45199584960938,719.690002
2021-04-23,167.04400634765625,729.400024
2021-04-26,170.4499969482422,738.200012
2021-04-27,170.8715057373047,704.73999
2021-04-28,172.9250030517578,694.400024
2021-04-29,173.5655059814453,677.0
2021-04-30,173.37100219726562,709.440002
2021-05-03,169.32449340820312,684.900024
2021-05-04,165.5935059,673.599976
2021-05-05,163.52699279785156,670.940002
2021-05-06,165.31849670410156,663.539978
2021-05-07,164.58050537109375,672.369995
2021-05-10,159.52450561523438,629.039978
2021-05-11,161.19549560546875,617.200012
2021-05-12,157.5970001220703,589.890015
2021-05-13,158.07350158691406,571.690002
2021-05-14,161.14500427246094,589.73999
2021-05-17,163.51950073242188,576.830017
2021-05-18,161.61399841308594,577.869995
2021-05-19,161.58999633789062,563.460022
2021-05-20,162.38400268554688,586.780029
2021-05-21,160.1540069580078,580.880005
2021-05-24,162.24949645996094,606.440002
2021-05-25,162.95249938964844,604.690002
2021-05-26,163.25799560546875,619.130005
2021-05-27,161.5054931640625,630.849976
2021-05-28,161.15350341796875,625.219971
2021-06-01,160.9324951171875,623.900024
2021-06-02,161.69949340820312,605.119995
2021-06-03,159.35049438476562,572.840027
2021-06-04,160.31100463867188,599.049988
2021-06-07,159.90049743652344,605.130005
2021-06-08,163.20550537109375,603.590027
2021-06-09,164.0574951171875,598.780029
2021-06-10,167.4824981689453,610.119995
2021-06-11,167.3415069580078,609.890015
2021-06-14,169.19349670410156,617.690002
2021-06-15,169.1564941,599.359985
2021-06-16,170.7624969482422,604.869995
2021-06-17,174.46200561523438,616.599976
2021-06-18,174.34500122070312,623.309998
2021-06-21,172.697998,620.830017
2021-06-22,175.27200317382812,623.710022
2021-06-23,175.1909942626953,656.570007
2021-06-24,172.45399475097656,679.820007
2021-06-25,170.072998,671.869995
2021-06-28,172.1945037841797,688.719971
2021-06-29,172.40699768066406,680.76001
2021-06-30,172.00799560546875,679.700012
2021-07-01,171.64849853515625,677.919983
2021-07-02,175.5489959716797,678.900024
2021-07-06,183.78700256347656,659.580017
2021-07-07,184.82899475097656,644.650024
2021-07-08,186.57049560546875,652.809998
2021-07-09,185.9669952392578,656.950012
2021-07-12,185.9275054931641,685.700012
2021-07-13,183.8679962158203,668.539978
2021-07-14,184.08399963378903,653.380005
2021-07-15,181.55999755859375,650.599976
2021-07-16,178.68150329589844,644.219971
2021-07-19,177.47950744628906,646.219971
2021-07-20,178.6595001220703,660.5
2021-07-21,179.25999450683594,655.289978
2021-07-22,181.90150451660156,649.26001
2021-07-23,182.83200073242188,643.380005
2021-07-26,184.99099731445312,657.619995
2021-07-27,181.3195037841797,644.780029
2021-07-28,181.51600646972656,646.97998
2021-07-29,179.99600219726562,677.349976
2021-07-30,166.37950134277344,687.200012
2021-08-02,166.57400512695312,709.669983
2021-08-03,168.31199645996094,709.73999
2021-08-04,167.73599243164062,710.919983
2021-08-05,168.79949951171875,714.630005
2021-08-06,167.2469940185547,699.099976
2021-08-09,167.0935059,713.76001
2021-08-10,166.03399658203125,709.98999
2021-08-11,164.60549926757812,707.820007
2021-08-12,165.1750030517578,722.25
2021-08-13,164.69850158691406,717.169983
2021-08-16,164.94949340820312,686.169983
2021-08-17,162.09800720214844,665.710022
2021-08-18,160.06100463867188,688.98999
2021-08-19,159.3874969482422,673.469971
2021-08-20,159.99749755859375,680.26001
2021-08-23,163.2935028076172,706.299988
2021-08-24,165.28900146484375,708.48999
2021-08-25,164.95899963378906,711.200012
2021-08-26,165.8000030517578,701.159973
2021-08-27,167.48150634765625,711.919983
2021-08-30,171.07850646972656,730.909973
2021-08-31,173.5395050048828,735.719971
2021-09-01,173.9499969482422,734.090027
2021-09-02,173.1560059,732.390015
2021-09-03,173.90249633789062,733.570007
2021-09-07,175.46449279785156,752.919983
2021-09-08,176.27499389648438,753.869995
2021-09-09,174.20799255371094,754.859985
2021-09-10,173.45750427246094,736.27002
2021-09-13,172.85850524902344,743.0
2021-09-14,172.5,744.48999
2021-09-15,173.7895050048828,755.830017
2021-09-16,174.41200256347656,756.98999
2021-09-17,173.12600708007812,759.48999
2021-09-20,167.7864990234375,730.169983
2021-09-21,167.18150329589844,739.380005
2021-09-22,169.00250244140625,751.940002
2021-09-23,170.8000030517578,753.640015
2021-09-24,171.2760009765625,774.390015
2021-09-27,170.2899932861328,791.359985
2021-09-28,165.79800415039062,777.559998
2021-09-29,165.05599975585938,781.309998
2021-09-30,164.2519989013672,775.47998
2021-10-01,164.16299438476562,775.219971
2021-10-04,159.48899841308594,781.530029
2021-10-05,161.0500030517578,780.590027
2021-10-06,163.10049438476562,782.75
2021-10-07,165.1215057373047,793.609985
2021-10-08,164.43099975585938,785.48999
2021-10-11,162.31500244140625,791.940002
2021-10-12,162.3665008544922,805.719971
2021-10-13,164.21400451660156,811.080017
2021-10-14,164.9929962158203,818.320007
2021-10-15,170.4510040283203,843.030029
2021-10-18,172.33700561523438,870.109985
2021-10-19,172.20750427246094,864.27002
2021-10-20,170.7530059814453,865.799988
2021-10-21,171.75050354003906,894.0
2021-10-22,166.77749633789062,909.679993
2021-10-25,166.01849365234375,1024.859985
2021-10-26,168.80349731445312,1018.429993
2021-10-27,169.62449645996094,1037.859985
2021-10-28,172.32850646972656,1077.040039
2021-10-29,168.6215057373047,1114.0
2021-11-01,165.90550231933594,1208.589966
2021-11-02,165.6374969482422,1172.0
2021-11-03,169.1999969482422,1213.859985
2021-11-04,173.85000610351562,1229.910034
2021-11-05,175.94949340820312,1222.089966
2021-11-08,174.44900512695312,1162.939941
2021-11-09,178.81149291992188,1023.5
2021-11-10,174.1024932861328,1067.949951
2021-11-11,173.625,1063.51001
2021-11-12,176.25750732421875,1033.420044
2021-11-15,177.28399658203125,1013.390015
2021-11-16,177.03500366210938,1054.72998
2021-11-17,177.4499969482422,1089.01001
2021-11-18,184.8029937744141,1096.380005
2021-11-19,183.82850646972656,1137.060059
2021-11-22,178.6284942626953,1156.869995
2021-11-23,179.0019989013672,1109.030029
2021-11-24,179.02049255371094,1116.0
2021-11-26,175.22799682617188,1081.920044
2021-11-29,178.07850646972656,1136.98999
2021-11-30,175.35350036621094,1144.76001
2021-12-01,172.18600463867188,1095.0
2021-12-02,171.8679962158203,1084.599976
2021-12-03,169.489502,1014.969971
2021-12-06,171.36849975585938,1009.01001
2021-12-07,176.1645050048828,1051.75
2021-12-08,176.1580047607422,1068.959961
2021-12-09,174.17100524902344,1003.799988
2021-12-10,172.21200561523438,1017.030029
2021-12-13,169.5675048828125,966.409973
2021-12-14,169.0915069580078,958.51001
2021-12-15,173.31500244140625,975.98999
2021-12-16,168.87100219726562,926.919983
2021-12-17,170.0175018310547,932.570007
2021-12-20,167.07899475097656,899.940002
2021-12-21,170.41700744628906,938.530029
2021-12-22,171.03700256347656,1008.869995
2021-12-23,171.06849670410156,1067.0
2021-12-27,169.66949462890625,1093.939941
2021-12-28,170.66099548339844,1088.469971
2021-12-29,169.2010040283203,1086.189941
2021-12-30,168.64450073242188,1070.339966
2021-12-31,166.7169952392578,1056.780029
2022-01-03,170.4044952392578,1199.780029
2022-01-04,167.52200317382812,1149.589966
2022-01-05,164.35699462890625,1088.119995
2022-01-06,163.25399780273438,1064.699951
2022-01-07,162.5540008544922,1026.959961
2022-01-10,161.48599243164062,1058.119995
2022-01-11,165.36199951171875,1064.400024
2022-01-12,165.20700073242188,1106.219971
2022-01-13,161.21400451660156,1031.560059
2022-01-14,162.13800048828125,1049.609985
2022-01-18,158.91749572753906,1030.51001
2022-01-19,156.2989959716797,995.650024
2022-01-20,151.66749572753906,996.27002
2022-01-21,142.64300537109375,943.900024
2022-01-24,144.54400634765625,930.0
2022-01-25,139.98599243164062,918.400024
2022-01-26,138.87249755859375,937.409973
2022-01-27,139.6374969482422,829.099976
2022-01-28,143.97799682617188,846.349976
2022-01-31,149.57350158691406,936.719971
2022-02-01,151.19349670410156,931.25
2022-02-02,150.6125030517578,905.659973
2022-02-03,138.8455047607422,891.140015
2022-02-04,157.63949584960938,923.320007
2022-02-07,157.9355010986328,907.340027
2022-02-08,161.4134979248047,922.0
2022-02-09,161.1894989013672,932.0
2022-02-10,159.0034942626953,904.549988
2022-02-11,153.2935028076172,860.0
2022-02-14,155.16700744628906,875.76001
2022-02-15,156.510498,922.429993
2022-02-16,158.10049438476562,923.390015
2022-02-17,154.65249633789062,876.349976
2022-02-18,152.60150146484375,856.97998
2022-02-22,150.19749450683594,821.530029
2022-02-23,144.82699584960938,764.039978
2022-02-24,151.35800170898438,800.77002
2022-02-25,153.7884979248047,809.869995
2022-02-28,153.56300354003906,870.429993
2022-03-01,151.14199829101562,864.369995
2022-03-02,152.05250549316406,879.890015
2022-03-03,147.89849853515625,839.289978
2022-03-04,145.64100646972656,838.289978
2022-03-07,137.4530029296875,804.580017
2022-03-08,136.01449584960938,824.400024
2022-03-09,139.2790069580078,858.969971
2022-03-10,146.8175048828125,838.299988
2022-03-11,145.52450561523438,795.349976
2022-03-14,141.85299682617188,766.369995
2022-03-15,147.3665008544922,801.890015
2022-03-16,153.1040039,840.22998
2022-03-17,157.23899841308594,871.599976
2022-03-18,161.25050354003906,905.390015
2022-03-21,161.4915008544922,921.159973
2022-03-22,164.88900756835938,993.97998
2022-03-23,163.4080047607422,999.109985
2022-03-24,163.64950561523438,1013.919983
