Date,Adj Close
6/29/10,4.778
6/30/10,4.766
7/1/10,4.392
7/2/10,3.84
7/6/10,3.222
7/7/10,3.16
7/8/10,3.492
7/9/10,3.48
7/12/10,3.41
7/13/10,3.628
7/14/10,3.968
7/15/10,3.978
7/16/10,4.128
7/19/10,4.382
7/20/10,4.06
7/21/10,4.044
7/22/10,4.2
7/23/10,4.258
7/26/10,4.19
7/27/10,4.11
7/28/10,4.144
7/29/10,4.07
7/30/10,3.988
8/2/10,4.184
8/3/10,4.39
8/4/10,4.252
8/5/10,4.09
8/6/10,3.918
8/9/10,3.92
8/10/10,3.806
8/11/10,3.58
8/12/10,3.52
8/13/10,3.664
8/16/10,3.756
8/17/10,3.83
8/18/10,3.754
8/19/10,3.758
8/20/10,3.82
8/23/10,4.026
8/24/10,3.84
8/25/10,3.98
8/26/10,3.95
8/27/10,3.94
8/30/10,3.974
8/31/10,3.896
9/1/10,4.09
9/2/10,4.212
9/3/10,4.21
9/7/10,4.108
9/8/10,4.18
9/9/10,4.142
9/10/10,4.034
9/13/10,4.144
9/14/10,4.224
9/15/10,4.396
9/16/10,4.188
9/17/10,4.046
9/20/10,4.212
9/21/10,4.154
9/22/10,3.974
9/23/10,3.912
9/24/10,4.02
9/27/10,4.106
9/28/10,4.28
9/29/10,4.396
9/30/10,4.082
10/1/10,4.12
10/4/10,4.198
10/5/10,4.224
10/6/10,4.092
10/7/10,4.086
10/8/10,4.086
10/11/10,4.048
10/12/10,4.048
10/13/10,4.108
10/14/10,4.15
10/15/10,4.108
10/18/10,4.046
10/19/10,4.01
10/20/10,4.13
10/21/10,4.15
10/22/10,4.144
10/25/10,4.17
10/26/10,4.272
10/27/10,4.2
10/28/10,4.238
10/29/10,4.368
11/1/10,4.282
11/2/10,4.25
11/3/10,4.354
11/4/10,4.98
11/5/10,4.888
11/8/10,4.996
11/9/10,4.926
11/10/10,5.872
11/11/10,5.608
11/12/10,5.968
11/15/10,6.16
11/16/10,5.934
11/17/10,5.898
11/18/10,5.978
11/19/10,6.198
11/22/10,6.68
11/23/10,6.914
11/24/10,7.094
11/26/10,7.064
11/29/10,6.866
11/30/10,7.066
12/1/10,6.87
12/2/10,6.47
12/3/10,6.298
12/6/10,6.062
12/7/10,6.312
12/8/10,6.474
12/9/10,6.41
12/10/10,6.304
12/13/10,6.11
12/14/10,5.706
12/15/10,5.92
12/16/10,6.162
12/17/10,6.272
12/20/10,6.34
12/21/10,6.452
12/22/10,6.526
12/23/10,6.018
12/27/10,5.11
12/28/10,5.282
12/29/10,5.546
12/30/10,5.3
12/31/10,5.326
1/3/11,5.324
1/4/11,5.334
1/5/11,5.366
1/6/11,5.576
1/7/11,5.648
1/10/11,5.69
1/11/11,5.392
1/12/11,5.392
1/13/11,5.244
1/14/11,5.15
1/18/11,5.128
1/19/11,4.806
1/20/11,4.524
1/21/11,4.608
1/24/11,4.898
1/25/11,4.936
1/26/11,4.95
1/27/11,4.984
1/28/11,4.802
1/31/11,4.82
2/1/11,4.782
2/2/11,4.788
2/3/11,4.726
2/4/11,4.692
2/7/11,4.614
2/8/11,4.898
2/9/11,4.642
2/10/11,4.644
2/11/11,4.65
2/14/11,4.616
2/15/11,4.568
2/16/11,4.946
2/17/11,4.72
2/18/11,4.636
2/22/11,4.374
2/23/11,4.366
2/24/11,4.506
2/25/11,4.722
2/28/11,4.778
3/1/11,4.788
3/2/11,4.804
3/3/11,4.872
3/4/11,4.99
3/7/11,4.988
3/8/11,4.932
3/9/11,4.944
3/10/11,4.802
3/11/11,4.814
3/14/11,4.65
3/15/11,4.59
3/16/11,4.564
3/17/11,4.562
3/18/11,4.592
3/21/11,4.546
3/22/11,4.438
3/23/11,4.442
3/24/11,4.466
3/25/11,4.55
3/28/11,4.65
3/29/11,4.784
3/30/11,4.742
3/31/11,5.55
4/1/11,5.332
4/4/11,5.166
4/5/11,5.34
4/6/11,5.298
4/7/11,5.448
4/8/11,5.298
4/11/11,5.054
4/12/11,4.93
4/13/11,4.986
4/14/11,5.028
4/15/11,5.116
4/18/11,5.006
4/19/11,5.032
4/20/11,5.15
4/21/11,5.348
4/25/11,5.278
4/26/11,5.386
4/27/11,5.416
4/28/11,5.532
4/29/11,5.52
5/2/11,5.49
5/3/11,5.374
5/4/11,5.338
5/5/11,5.288
5/6/11,5.424
5/9/11,5.582
5/10/11,5.666
5/11/11,5.414
5/12/11,5.534
5/13/11,5.51
5/16/11,5.32
5/17/11,5.192
5/18/11,5.27
5/19/11,5.64
5/20/11,5.594
5/23/11,5.364
5/24/11,5.344
5/25/11,5.796
5/26/11,5.896
5/27/11,5.91
5/31/11,6.028
6/1/11,5.704
6/2/11,5.752
6/3/11,6.026
6/6/11,5.74
6/7/11,5.674
6/8/11,5.424
6/9/11,5.524
6/10/11,5.572
6/13/11,5.686
6/14/11,5.72
6/15/11,5.464
6/16/11,5.3
6/17/11,5.3
6/20/11,5.202
6/21/11,5.506
6/22/11,5.442
6/23/11,5.542
6/24/11,5.514
6/27/11,5.492
6/28/11,5.622
6/29/11,5.658
6/30/11,5.826
7/1/11,5.804
7/5/11,5.828
7/6/11,5.792
7/7/11,5.946
7/8/11,5.762
7/11/11,5.67
7/12/11,5.634
7/13/11,5.728
7/14/11,5.522
7/15/11,5.516
7/18/11,5.446
7/19/11,5.578
7/20/11,5.738
7/21/11,5.74
7/22/11,5.858
7/25/11,5.698
7/26/11,5.6
7/27/11,5.528
7/28/11,5.634
7/29/11,5.634
8/1/11,5.754
8/2/11,5.468
8/3/11,5.44
8/4/11,4.95
8/5/11,4.848
8/8/11,4.728
8/9/11,5.012
8/10/11,4.764
8/11/11,5.06
8/12/11,5.262
8/15/11,5.246
8/16/11,5.22
8/17/11,5.166
8/18/11,4.852
8/19/11,4.46
8/22/11,4.39
8/23/11,4.592
8/24/11,4.774
8/25/11,4.622
8/26/11,4.746
8/29/11,4.942
8/30/11,4.926
8/31/11,4.948
9/1/11,4.8
9/2/11,4.614
9/6/11,4.588
9/7/11,4.768
9/8/11,4.722
9/9/11,4.594
9/12/11,4.576
9/13/11,4.816
9/14/11,4.868
9/15/11,4.964
9/16/11,5.16
9/19/11,5.154
9/20/11,5.202
9/21/11,5.17
9/22/11,5.126
9/23/11,5.276
9/26/11,5.104
9/27/11,5.238
9/28/11,4.918
9/29/11,4.824
9/30/11,4.878
10/3/11,4.746
10/4/11,4.732
10/5/11,5.074
10/6/11,5.392
10/7/11,5.398
10/10/11,5.576
10/11/11,5.522
10/12/11,5.56
10/13/11,5.588
10/14/11,5.61
10/17/11,5.484
10/18/11,5.668
10/19/11,5.514
10/20/11,5.468
10/21/11,5.606
10/24/11,5.71
10/25/11,5.65
10/26/11,5.596
10/27/11,5.752
10/28/11,5.974
10/31/11,5.874
11/1/11,5.776
11/2/11,5.742
11/3/11,6.492
11/4/11,6.462
11/7/11,6.254
11/8/11,6.368
11/9/11,6.176
11/10/11,6.266
11/11/11,6.728
11/14/11,6.644
11/15/11,6.786
11/16/11,6.988
11/17/11,6.736
11/18/11,6.52
11/21/11,6.352
11/22/11,6.414
11/23/11,6.29
11/25/11,6.332
11/28/11,6.512
11/29/11,6.35
11/30/11,6.548
12/1/11,6.52
12/2/11,6.66
12/5/11,6.884
12/6/11,6.974
12/7/11,6.838
12/8/11,6.178
12/9/11,6.208
12/12/11,6.082
12/13/11,5.89
12/14/11,5.706
12/15/11,5.724
12/16/11,5.6
12/19/11,5.55
12/20/11,5.58
12/21/11,5.514
12/22/11,5.554
12/23/11,5.58
12/27/11,5.714
12/28/11,5.702
12/29/11,5.746
12/30/11,5.712
1/3/12,5.616
1/4/12,5.542
1/5/12,5.424
1/6/12,5.382
1/9/12,5.45
1/10/12,5.524
1/11/12,5.646
1/12/12,5.65
1/13/12,4.558
1/17/12,5.32
1/18/12,5.362
1/19/12,5.352
1/20/12,5.32
1/23/12,5.354
1/24/12,5.484
1/25/12,5.594
1/26/12,5.788
1/27/12,5.866
1/30/12,5.914
1/31/12,5.814
2/1/12,5.916
2/2/12,6.05
2/3/12,6.23
2/6/12,6.36
2/7/12,6.32
2/8/12,6.386
2/9/12,6.516
2/10/12,6.22
2/13/12,6.298
2/14/12,6.634
2/15/12,6.72
2/16/12,6.836
2/17/12,6.994
2/21/12,6.9
2/22/12,6.844
2/23/12,6.906
2/24/12,6.75
2/27/12,6.724
2/28/12,6.762
2/29/12,6.682
3/1/12,6.882
3/2/12,6.808
3/5/12,6.754
3/6/12,6.622
3/7/12,6.624
3/8/12,6.614
3/9/12,6.948
3/12/12,7.202
3/13/12,7.218
3/14/12,7.058
3/15/12,7
3/16/12,7.064
3/19/12,6.996
3/20/12,6.992
3/21/12,7.03
3/22/12,6.88
3/23/12,6.816
3/26/12,7.48
3/27/12,7.588
3/28/12,7.57
3/29/12,7.466
3/30/12,7.448
4/2/12,7.316
4/3/12,7.602
4/4/12,7
4/5/12,6.896
4/9/12,6.63
4/10/12,6.492
4/11/12,6.618
4/12/12,6.688
4/13/12,6.718
4/16/12,6.45
4/17/12,6.448
4/18/12,6.532
4/19/12,6.632
4/20/12,6.632
4/23/12,6.388
4/24/12,6.364
4/25/12,6.582
4/26/12,6.698
4/27/12,6.668
4/30/12,6.626
5/1/12,6.756
5/2/12,6.788
5/3/12,6.492
5/4/12,6.366
5/7/12,6.494
5/8/12,6.038
5/9/12,6.012
5/10/12,6.592
5/11/12,6.45
5/14/12,6.012
5/15/12,5.886
5/16/12,5.836
5/17/12,5.714
5/18/12,5.512
5/21/12,5.754
5/22/12,6.16
5/23/12,6.204
5/24/12,6.056
5/25/12,5.962
5/29/12,6.338
5/30/12,6.082
5/31/12,5.9
6/1/12,5.63
6/4/12,5.576
6/5/12,5.582
6/6/12,5.844
6/7/12,5.786
6/8/12,6.016
6/11/12,5.824
6/12/12,5.932
6/13/12,5.954
6/14/12,5.878
6/15/12,5.982
6/18/12,6.368
6/19/12,6.418
6/20/12,6.756
6/21/12,6.438
6/22/12,6.758
6/25/12,6.622
6/26/12,6.322
6/27/12,6.392
6/28/12,6.282
6/29/12,6.258
7/2/12,6.08
7/3/12,6.132
7/5/12,6.246
7/6/12,6.198
7/9/12,6.298
7/10/12,6.254
7/11/12,6.302
7/12/12,6.54
7/13/12,6.85
7/16/12,7.192
7/17/12,6.67
7/18/12,6.43
7/19/12,6.454
7/20/12,6.358
7/23/12,6.132
7/24/12,5.968
7/25/12,5.79
7/26/12,5.626
7/27/12,5.902
7/30/12,5.47
7/31/12,5.484
8/1/12,5.25
8/2/12,5.22
8/3/12,5.454
8/6/12,5.654
8/7/12,6.05
8/8/12,5.818
8/9/12,5.882
8/10/12,5.988
8/13/12,6.234
8/14/12,5.884
8/15/12,5.88
8/16/12,6.06
8/17/12,6.002
8/20/12,5.902
8/21/12,5.822
8/22/12,5.99
8/23/12,6.146
8/24/12,5.9
8/27/12,5.664
8/28/12,5.738
8/29/12,5.682
8/30/12,5.682
8/31/12,5.704
9/4/12,5.628
9/5/12,5.588
9/6/12,5.71
9/7/12,5.87
9/10/12,5.474
9/11/12,5.56
9/12/12,5.656
9/13/12,5.896
9/14/12,6.078
9/17/12,6.508
9/18/12,6.268
9/19/12,6.21
9/20/12,6.18
9/21/12,6.004
9/24/12,6.132
9/25/12,5.532
9/26/12,5.508
9/27/12,5.698
9/28/12,5.856
10/1/12,5.832
10/2/12,5.96
10/3/12,5.86
10/4/12,5.88
10/5/12,5.778
10/8/12,5.85
10/9/12,5.674
10/10/12,5.68
10/11/12,5.664
10/12/12,5.528
10/15/12,5.466
10/16/12,5.612
10/17/12,5.764
10/18/12,5.608
10/19/12,5.548
10/22/12,5.57
10/23/12,5.678
10/24/12,5.484
10/25/12,5.504
10/26/12,5.476
10/31/12,5.626
11/1/12,5.85
11/2/12,5.784
11/5/12,6.3
11/6/12,6.23
11/7/12,6.308
11/8/12,6.262
11/9/12,6.064
11/12/12,6.214
11/13/12,6.322
11/14/12,6.276
11/15/12,6.164
11/16/12,6.368
11/19/12,6.584
11/20/12,6.6
11/21/12,6.494
11/23/12,6.426
11/26/12,6.454
11/27/12,6.43
11/28/12,6.646
11/29/12,6.738
11/30/12,6.764
12/3/12,6.924
12/4/12,6.78
12/5/12,6.742
12/6/12,6.78
12/7/12,6.834
12/10/12,6.914
12/11/12,7.056
12/12/12,7.052
12/13/12,6.722
12/14/12,6.762
12/17/12,6.88
12/18/12,6.918
12/19/12,6.922
12/20/12,6.886
12/21/12,6.8
12/24/12,6.856
12/26/12,6.718
12/27/12,6.738
12/28/12,6.644
12/31/12,6.774
1/2/13,7.072
1/3/13,6.954
1/4/13,6.88
1/7/13,6.868
1/8/13,6.736
1/9/13,6.728
1/10/13,6.706
1/11/13,6.582
1/14/13,6.652
1/15/13,6.78
1/16/13,6.82
1/17/13,6.876
1/18/13,6.904
1/22/13,7.038
1/23/13,7.2
1/24/13,7.398
1/25/13,7.396
1/28/13,7.606
1/29/13,7.59
1/30/13,7.504
1/31/13,7.502
2/1/13,7.66
2/4/13,7.548
2/5/13,7.626
2/6/13,7.834
2/7/13,7.896
2/8/13,7.848
2/11/13,7.684
2/12/13,7.578
2/13/13,7.69
2/14/13,7.654
2/15/13,7.408
2/19/13,7.856
2/20/13,7.708
2/21/13,7.032
2/22/13,7.222
2/25/13,6.876
2/26/13,6.886
2/27/13,7.02
2/28/13,6.966
3/1/13,6.93
3/4/13,7.116
3/5/13,7.33
3/6/13,7.538
3/7/13,7.646
3/8/13,7.694
3/11/13,7.82
3/12/13,7.824
3/13/13,7.796
3/14/13,7.37
3/15/13,7.058
3/18/13,7.03
3/19/13,7.016
3/20/13,7.19
3/21/13,7.202
3/22/13,7.324
3/25/13,7.506
3/26/13,7.572
3/27/13,7.632
3/28/13,7.578
4/1/13,8.786
4/2/13,8.868
4/3/13,8.22
4/4/13,8.402
4/5/13,8.274
4/8/13,8.366
4/9/13,8.1
4/10/13,8.372
4/11/13,8.718
4/12/13,8.75
4/15/13,8.66
4/16/13,9.118
4/17/13,9.09
4/18/13,9.394
4/19/13,9.566
4/22/13,10.038
4/23/13,10.202
4/24/13,10.086
4/25/13,10.4
4/26/13,10.24
4/29/13,10.988
4/30/13,10.798
5/1/13,10.656
5/2/13,10.822
5/3/13,10.91
5/6/13,11.9
5/7/13,11.102
5/8/13,11.158
5/9/13,13.88
5/10/13,15.352
5/13/13,17.559999
5/14/13,16.648001
5/15/13,16.968
5/16/13,18.450001
5/17/13,18.299999
5/20/13,17.988001
5/21/13,17.518
5/22/13,17.448
5/23/13,18.546
5/24/13,19.416
5/28/13,22.066
5/29/13,20.926001
5/30/13,20.99
5/31/13,19.552
6/3/13,18.518
6/4/13,18.968
6/5/13,19.073999
6/6/13,19.469999
6/7/13,20.408001
6/10/13,20.01
6/11/13,18.893999
6/12/13,19.546
6/13/13,19.636
6/14/13,20.059999
6/17/13,20.440001
6/18/13,20.677999
6/19/13,20.936001
6/20/13,20.129999
6/21/13,19.91
6/24/13,20.298
6/25/13,20.48
6/26/13,21.143999
6/27/13,21.85
6/28/13,21.472
7/1/13,23.436001
7/2/13,23.563999
7/3/13,23.048
7/5/13,24.018
7/8/13,24.322001
7/9/13,24.690001
7/10/13,24.454
7/11/13,25.122
7/12/13,25.98
7/15/13,25.452
7/16/13,21.809999
7/17/13,24.049999
7/18/13,23.806
7/19/13,23.936001
7/22/13,24.486
7/23/13,24.548
7/24/13,24.34
7/25/13,24.813999
7/26/13,25.878
7/29/13,26.924
7/30/13,26.348
7/31/13,26.856001
8/1/13,27.110001
8/2/13,27.6
8/5/13,28.936001
8/6/13,28.43
8/7/13,26.846001
8/8/13,30.695999
8/9/13,30.6
8/12/13,29.476
8/13/13,29.086
8/14/13,27.872
8/15/13,27.934
8/16/13,28.4
8/19/13,28.98
8/20/13,29.916
8/21/13,29.572001
8/22/13,31.42
8/23/13,32.368
8/26/13,32.844002
8/27/13,33.402
8/28/13,33.290001
8/29/13,33.212002
8/30/13,33.799999
9/3/13,33.787998
9/4/13,34.124001
9/5/13,33.986
9/6/13,33.394001
9/9/13,32.139999
9/10/13,33.273998
9/11/13,32.703999
9/12/13,32.986
9/13/13,33.108002
9/16/13,33.316002
9/17/13,33.245998
9/18/13,33.243999
9/19/13,35.584
9/20/13,36.678001
9/23/13,36.222
9/24/13,36.466
9/25/13,37.048
9/26/13,37.728001
9/27/13,38.18
9/30/13,38.674
10/1/13,38.599998
10/2/13,36.189999
10/3/13,34.661999
10/4/13,36.195999
10/7/13,36.613998
10/8/13,34.945999
10/9/13,33.756001
10/10/13,34.585999
10/11/13,35.740002
10/14/13,35.944
10/15/13,36.787998
10/16/13,36.712002
10/17/13,36.560001
10/18/13,36.68
10/21/13,34.52
10/22/13,34.307999
10/23/13,32.900002
10/24/13,34.630001
10/25/13,33.931999
10/28/13,32.571999
10/29/13,32.894001
10/30/13,31.844
10/31/13,31.988001
11/1/13,32.433998
11/4/13,35.040001
11/5/13,35.362
11/6/13,30.232
11/7/13,27.954
11/8/13,27.59
11/11/13,28.940001
11/12/13,27.559999
11/13/13,27.74
11/14/13,27.52
11/15/13,27.09
11/18/13,24.316
11/19/13,25.218
11/20/13,24.222
11/21/13,24.42
11/22/13,24.275999
11/25/13,24.167999
11/26/13,24.1
11/27/13,25.388
11/29/13,25.455999
12/2/13,24.834
12/3/13,28.940001
12/4/13,27.790001
12/5/13,28.096001
12/6/13,27.472
12/9/13,28.32
12/10/13,28.438
12/11/13,27.93
12/12/13,29.493999
12/13/13,29.530001
12/16/13,29.587999
12/17/13,30.492001
12/18/13,29.596001
12/19/13,28.143999
12/20/13,28.648001
12/23/13,28.709999
12/24/13,30.282
12/26/13,31.1
12/27/13,30.224001
12/30/13,30.488001
12/31/13,30.086
1/2/14,30.02
1/3/14,29.912001
1/6/14,29.4
1/7/14,29.872
1/8/14,30.256001
1/9/14,29.506001
1/10/14,29.143999
1/13/14,27.868
1/14/14,32.254002
1/15/14,32.826
1/16/14,34.194
1/17/14,34.001999
1/21/14,35.335999
1/22/14,35.712002
1/23/14,36.299999
1/24/14,34.919998
1/27/14,33.924
1/28/14,35.675999
1/29/14,35.046001
1/30/14,36.568001
1/31/14,36.282001
2/3/14,35.422001
2/4/14,35.745998
2/5/14,34.883999
2/6/14,35.675999
2/7/14,37.306
2/10/14,39.312
2/11/14,39.324001
2/12/14,39.063999
2/13/14,39.925999
2/14/14,39.646
2/18/14,40.740002
2/19/14,38.728001
2/20/14,41.993999
2/21/14,41.919998
2/24/14,43.529999
2/25/14,49.599998
2/26/14,50.599998
2/27/14,50.507999
2/28/14,48.962002
3/3/14,50.112
3/4/14,50.967999
3/5/14,50.532001
3/6/14,50.588001
3/7/14,49.242001
3/10/14,47.768002
3/11/14,46.882
3/12/14,48.298
3/13/14,47.557999
3/14/14,46.194
3/17/14,46.796001
3/18/14,48.007999
3/19/14,47.167999
3/20/14,46.981998
3/21/14,45.778
3/24/14,44.034
3/25/14,44.088001
3/26/14,42.591999
3/27/14,41.464001
3/28/14,42.473999
3/31/14,41.689999
4/1/14,43.394001
4/2/14,46.057999
4/3/14,45.080002
4/4/14,42.445999
4/7/14,41.504002
4/8/14,43.091999
4/9/14,43.386002
4/10/14,40.838001
4/11/14,40.756001
4/14/14,39.618
4/15/14,38.782001
4/16/14,39.821999
4/17/14,39.624001
4/21/14,40.875999
4/22/14,43.728001
4/23/14,41.598
4/24/14,41.571999
4/25/14,39.970001
4/28/14,39.702
4/29/14,41.383999
4/30/14,41.577999
5/1/14,41.546001
5/2/14,42.181999
5/5/14,43.321999
5/6/14,41.456001
5/7/14,40.27
5/8/14,35.717999
5/9/14,36.452
5/12/14,36.933998
5/13/14,38.032001
5/14/14,38.124001
5/15/14,37.717999
5/16/14,38.312
5/19/14,39.217999
5/20/14,39.060001
5/21/14,39.889999
5/22/14,40.976002
5/23/14,41.459999
5/27/14,42.312
5/28/14,42.048
5/29/14,42.048
5/30/14,41.554001
6/2/14,40.939999
6/3/14,40.987999
6/4/14,40.798
6/5/14,41.380001
6/6/14,41.633999
6/9/14,41.062
6/10/14,40.459999
6/11/14,40.894001
6/12/14,40.703999
6/13/14,41.284
6/16/14,44.922001
6/17/14,46.334
6/18/14,45.424
6/19/14,45.557999
6/20/14,45.917999
6/23/14,47.444
6/24/14,46.5
6/25/14,47.377998
6/26/14,47.119999
6/27/14,47.812
6/30/14,48.012001
7/1/14,47.944
7/2/14,45.886002
7/3/14,45.849998
7/7/14,44.532001
7/8/14,43.813999
7/9/14,44.612
7/10/14,43.891998
7/11/14,43.625999
7/14/14,45.34
7/15/14,43.916
7/16/14,43.431999
7/17/14,43.080002
7/18/14,44.004002
7/21/14,44.108002
7/22/14,43.916
7/23/14,44.498001
7/24/14,44.708
7/25/14,44.714001
7/28/14,44.964001
7/29/14,45.001999
7/30/14,45.784
7/31/14,44.66
8/1/14,46.653999
8/4/14,47.703999
8/5/14,47.698002
8/6/14,49.785999
8/7/14,50.478001
8/8/14,49.625999
8/11/14,51.863998
8/12/14,51.992001
8/13/14,52.062
8/14/14,52.276001
8/15/14,52.402
8/18/14,51.987999
8/19/14,51.352001
8/20/14,51.141998
8/21/14,50.868
8/22/14,51.355999
8/25/14,52.509998
8/26/14,52.348
8/27/14,52.650002
8/28/14,52.771999
8/29/14,53.939999
9/2/14,56.824001
9/3/14,56.237999
9/4/14,57.208
9/5/14,55.478001
9/8/14,56.422001
9/9/14,55.695999
9/10/14,56.220001
9/11/14,56.062
9/12/14,55.84
9/15/14,50.771999
9/16/14,52.147999
9/17/14,52.276001
9/18/14,52.764
9/19/14,51.863998
9/22/14,50.006001
9/23/14,50.082001
9/24/14,50.428001
9/25/14,49.389999
9/26/14,49.32
9/29/14,49.051998
9/30/14,48.535999
10/1/14,48.048
10/2/14,50.284
10/3/14,51.042
10/6/14,52.124001
10/7/14,51.914001
10/8/14,51.855999
10/9/14,51.402
10/10/14,47.382
10/13/14,44.917999
10/14/14,45.411999
10/15/14,45.939999
10/16/14,45.27
10/17/14,45.495998
10/20/14,46.094002
10/21/14,47.068001
10/22/14,46.220001
10/23/14,47.057999
10/24/14,47.048
10/27/14,44.334
10/28/14,48.554001
10/29/14,47.619999
10/30/14,47.731998
10/31/14,48.34
11/3/14,48.518002
11/4/14,47.785999
11/5/14,46.194
11/6/14,48.243999
11/7/14,48.040001
11/10/14,48.386002
11/11/14,50.216
11/12/14,49.82
11/13/14,50.34
11/14/14,51.736
11/17/14,50.796001
11/18/14,51.540001
11/19/14,49.548
11/20/14,49.742001
11/21/14,48.556
11/24/14,49.344002
11/25/14,49.618
11/26/14,49.688
11/28/14,48.903999
12/1/14,46.327999
12/2/14,46.285999
12/3/14,45.860001
12/4/14,45.655998
12/5/14,44.742001
12/8/14,42.872002
12/9/14,43.377998
12/10/14,41.967999
12/11/14,41.776001
12/12/14,41.400002
12/15/14,40.807999
12/16/14,39.562
12/17/14,41.164001
12/18/14,43.652
12/19/14,43.858002
12/22/14,44.52
12/23/14,44.194
12/24/14,44.452
12/26/14,45.563999
12/29/14,45.141998
12/30/14,44.445999
12/31/14,44.481998
1/2/15,43.862
1/5/15,42.018002
1/6/15,42.256001
1/7/15,42.189999
1/8/15,42.124001
1/9/15,41.332001
1/12/15,40.442001
1/13/15,40.849998
1/14/15,38.537998
1/15/15,38.374001
1/16/15,38.613998
1/20/15,38.386002
1/21/15,39.313999
1/22/15,40.324001
1/23/15,40.257999
1/26/15,41.310001
1/27/15,41.195999
1/28/15,39.874001
1/29/15,41.040001
1/30/15,40.720001
2/2/15,42.188
2/3/15,43.672001
2/4/15,43.709999
2/5/15,44.198002
2/6/15,43.472
2/9/15,43.495998
2/10/15,43.257999
2/11/15,42.560001
2/12/15,40.576
2/13/15,40.754002
2/17/15,40.869999
2/18/15,40.891998
2/19/15,42.341999
2/20/15,43.422001
2/23/15,41.467999
2/24/15,40.821999
2/25/15,40.751999
2/26/15,41.438
2/27/15,40.667999
3/2/15,39.466
3/3/15,39.911999
3/4/15,40.487999
3/5/15,40.125999
3/6/15,38.776001
3/9/15,38.175999
3/10/15,38.063999
3/11/15,38.748001
3/12/15,38.214001
3/13/15,37.736
3/16/15,39.139999
3/17/15,38.945999
3/18/15,40.141998
3/19/15,39.130001
3/20/15,39.616001
3/23/15,39.925999
3/24/15,40.344002
3/25/15,38.860001
3/26/15,38.082001
3/27/15,37
3/30/15,38.113998
3/31/15,37.754002
4/1/15,37.518002
4/2/15,38.200001
4/6/15,40.619999
4/7/15,40.650002
4/8/15,41.534
4/9/15,42.018002
4/10/15,42.18
4/13/15,41.956001
4/14/15,41.492001
4/15/15,41.566002
4/16/15,41.34
4/17/15,41.358002
4/20/15,41.054001
4/21/15,41.882
4/22/15,43.888
4/23/15,43.720001
4/24/15,43.686001
4/27/15,46.310001
4/28/15,46.096001
4/29/15,46.490002
4/30/15,45.209999
5/1/15,45.206001
5/4/15,46.102001
5/5/15,46.59
5/6/15,46.085999
5/7/15,47.360001
5/8/15,47.321999
5/11/15,47.897999
5/12/15,48.948002
5/13/15,48.636002
5/14/15,48.82
5/15/15,49.768002
5/18/15,49.75
5/19/15,49.428001
5/20/15,48.869999
5/21/15,49.124001
5/22/15,49.546001
5/26/15,49.492001
5/27/15,49.486
5/28/15,50.290001
5/29/15,50.16
6/1/15,49.889999
6/2/15,49.669998
6/3/15,49.798
6/4/15,49.183998
6/5/15,49.827999
6/8/15,51.257999
6/9/15,51.200001
6/10/15,50.139999
6/11/15,50.282001
6/12/15,50.138
6/15/15,50.076
6/16/15,50.624001
6/17/15,52.082001
6/18/15,52.377998
6/19/15,52.501999
6/22/15,51.958
6/23/15,53.534
6/24/15,53.034
6/25/15,53.757999
6/26/15,53.417999
6/29/15,52.403999
6/30/15,53.652
7/1/15,53.830002
7/2/15,56.004002
7/6/15,55.944
7/7/15,53.576
7/8/15,50.992001
7/9/15,51.584
7/10/15,51.830002
7/13/15,52.431999
7/14/15,53.130001
7/15/15,52.627998
7/16/15,53.335999
7/17/15,54.931999
7/20/15,56.452
7/21/15,53.354
7/22/15,53.574001
7/23/15,53.439999
7/24/15,53.082001
7/27/15,50.602001
7/28/15,52.964001
7/29/15,52.764
7/30/15,53.358002
7/31/15,53.23
8/3/15,51.998001
8/4/15,53.256001
8/5/15,54.026001
8/6/15,49.226002
8/7/15,48.501999
8/10/15,48.228001
8/11/15,47.473999
8/12/15,47.633999
8/13/15,48.501999
8/14/15,48.630001
8/17/15,50.998001
8/18/15,52.144001
8/19/15,51.049999
8/20/15,48.436001
8/21/15,46.153999
8/24/15,43.773998
8/25/15,44.006001
8/26/15,44.967999
8/27/15,48.598
8/28/15,49.695999
8/31/15,49.812
9/1/15,47.726002
9/2/15,49.537998
9/3/15,49.113998
9/4/15,48.386002
9/8/15,49.633999
9/9/15,49.782001
9/10/15,49.695999
9/11/15,50.048
9/14/15,50.638
9/15/15,50.714001
9/16/15,52.450001
9/17/15,52.414001
9/18/15,52.124001
9/21/15,52.84
9/22/15,52.188
9/23/15,52.212002
9/24/15,52.624001
9/25/15,51.382
9/28/15,49.686001
9/29/15,49.330002
9/30/15,49.68
10/1/15,47.976002
10/2/15,49.514
10/5/15,49.23
10/6/15,48.292
10/7/15,46.391998
10/8/15,45.344002
10/9/15,44.138
10/12/15,43.116001
10/13/15,43.849998
10/14/15,43.375999
10/15/15,44.262001
10/16/15,45.402
10/19/15,45.619999
10/20/15,42.605999
10/21/15,42.018002
10/22/15,42.344002
10/23/15,41.818001
10/26/15,43.051998
10/27/15,42.07
10/28/15,42.591999
10/29/15,42.326
10/30/15,41.386002
11/2/15,42.757999
11/3/15,41.669998
11/4/15,46.326
11/5/15,46.354
11/6/15,46.472
11/9/15,45.066002
11/10/15,43.299999
11/11/15,43.816002
11/12/15,42.588001
11/13/15,41.438
11/16/15,42.862
11/17/15,42.799999
11/18/15,44.214001
11/19/15,44.360001
11/20/15,44.001999
11/23/15,43.549999
11/24/15,43.650002
11/25/15,45.928001
11/27/15,46.321999
11/30/15,46.051998
12/1/15,47.438
12/2/15,46.397999
12/3/15,46.542
12/4/15,46.076
12/7/15,46.226002
12/8/15,45.344002
12/9/15,44.903999
12/10/15,45.414001
12/11/15,43.403999
12/14/15,43.716
12/15/15,44.217999
12/16/15,46.902
12/17/15,46.678001
12/18/15,46.091999
12/21/15,46.512001
12/22/15,45.990002
12/23/15,45.939999
12/24/15,46.113998
12/28/15,45.790001
12/29/15,47.438
12/30/15,47.618
12/31/15,48.001999
1/4/16,44.681999
1/5/16,44.686001
1/6/16,43.807999
1/7/16,43.130001
1/8/16,42.200001
1/11/16,41.57
1/12/16,41.993999
1/13/16,40.062
1/14/16,41.236
1/15/16,40.998001
1/19/16,40.944
1/20/16,39.740002
1/21/16,39.993999
1/22/16,40.509998
1/25/16,39.276001
1/26/16,38.712002
1/27/16,37.613998
1/28/16,37.939999
1/29/16,38.240002
2/1/16,39.388
2/2/16,36.556
2/3/16,34.695999
2/4/16,35.066002
2/5/16,32.52
2/8/16,29.598
2/9/16,29.65
2/10/16,28.733999
2/11/16,30.094
2/12/16,30.208
2/16/16,31.034
2/17/16,33.736
2/18/16,33.354
2/19/16,33.316002
2/22/16,35.548
2/23/16,35.442001
2/24/16,35.799999
2/25/16,37.486
2/26/16,38.068001
2/29/16,38.386002
3/1/16,37.27
3/2/16,37.667999
3/3/16,39.147999
3/4/16,40.208
3/7/16,41.057999
3/8/16,40.52
3/9/16,41.743999
3/10/16,41.035999
3/11/16,41.5
3/14/16,43.029999
3/15/16,43.667999
3/16/16,44.386002
3/17/16,45.276001
3/18/16,46.548
3/21/16,47.664001
3/22/16,46.848
3/23/16,44.515999
3/24/16,45.549999
3/28/16,46.051998
3/29/16,46.026001
3/30/16,45.377998
3/31/16,45.953999
4/1/16,47.518002
4/4/16,49.397999
4/5/16,51.094002
4/6/16,53.084
4/7/16,51.439999
4/8/16,50.014
4/11/16,49.984001
4/12/16,49.563999
4/13/16,50.905998
4/14/16,50.372002
4/15/16,50.902
4/18/16,50.776001
4/19/16,49.473999
4/20/16,49.993999
4/21/16,49.658001
4/22/16,50.75
4/25/16,50.363998
4/26/16,50.748001
4/27/16,50.293999
4/28/16,49.542
4/29/16,48.152
5/2/16,48.360001
5/3/16,46.464001
5/4/16,44.512001
5/5/16,42.306
5/6/16,42.986
5/9/16,41.784
5/10/16,41.737999
5/11/16,41.792
5/12/16,41.456001
5/13/16,41.521999
5/16/16,41.658001
5/17/16,40.931999
5/18/16,42.234001
5/19/16,43.042
5/20/16,44.056
5/23/16,43.243999
5/24/16,43.582001
5/25/16,43.916
5/26/16,45.023998
5/27/16,44.608002
5/31/16,44.646
6/1/16,43.911999
6/2/16,43.792
6/3/16,43.798
6/6/16,44.136002
6/7/16,46.467999
6/8/16,47.104
6/9/16,45.872002
6/10/16,43.757999
6/13/16,43.574001
6/14/16,42.992001
6/15/16,43.540001
6/16/16,43.585999
6/17/16,43.094002
6/20/16,43.939999
6/21/16,43.922001
6/22/16,39.332001
6/23/16,39.279999
6/24/16,38.630001
6/27/16,39.709999
6/28/16,40.358002
6/29/16,42.037998
6/30/16,42.456001
7/1/16,43.299999
7/5/16,42.796001
7/6/16,42.888
7/7/16,43.188
7/8/16,43.355999
7/11/16,44.956001
7/12/16,44.93
7/13/16,44.506001
7/14/16,44.306
7/15/16,44.080002
7/18/16,45.25
7/19/16,45.051998
7/20/16,45.672001
7/21/16,44.099998
7/22/16,44.453999
7/25/16,46.001999
7/26/16,45.902
7/27/16,45.698002
7/28/16,46.122002
7/29/16,46.958
8/1/16,46.001999
8/2/16,45.439999
8/3/16,45.158001
8/4/16,46.122002
8/5/16,46.006001
8/8/16,45.231998
8/9/16,45.816002
8/10/16,45.130001
8/11/16,44.981998
8/12/16,45.122002
8/15/16,45.118
8/16/16,44.722
8/17/16,44.647999
8/18/16,44.702
8/19/16,45
8/22/16,44.585999
8/23/16,44.967999
8/24/16,44.523998
8/25/16,44.192001
8/26/16,43.998001
8/29/16,43.040001
8/30/16,42.268002
8/31/16,42.402
9/1/16,40.153999
9/2/16,39.556
9/6/16,40.566002
9/7/16,40.341999
9/8/16,39.472
9/9/16,38.894001
9/12/16,39.66
9/13/16,39.209999
9/14/16,39.282001
9/15/16,40.084
9/16/16,41.080002
9/19/16,41.268002
9/20/16,40.928001
9/21/16,41.043999
9/22/16,41.285999
9/23/16,41.490002
9/26/16,41.798
9/27/16,41.161999
9/28/16,41.254002
9/29/16,40.139999
9/30/16,40.806
10/3/16,42.740002
10/4/16,42.282001
10/5/16,41.692001
10/6/16,40.200001
10/7/16,39.321999
10/10/16,40.189999
10/11/16,40.02
10/12/16,40.301998
10/13/16,40.048
10/14/16,39.301998
10/17/16,38.792
10/18/16,39.82
10/19/16,40.712002
10/20/16,39.82
10/21/16,40.018002
10/24/16,40.551998
10/25/16,40.467999
10/26/16,40.448002
10/27/16,40.801998
10/28/16,39.993999
10/31/16,39.546001
11/1/16,38.158001
11/2/16,37.604
11/3/16,37.484001
11/4/16,38.112
11/7/16,38.641998
11/8/16,38.987999
11/9/16,38.012001
11/10/16,37.07
11/11/16,37.712002
11/14/16,36.290001
11/15/16,36.754002
11/16/16,36.785999
11/17/16,37.731998
11/18/16,37.004002
11/21/16,36.903999
11/22/16,38.234001
11/23/16,38.627998
11/25/16,39.330002
11/28/16,39.223999
11/29/16,37.914001
11/30/16,37.880001
12/1/16,36.375999
12/2/16,36.293999
12/5/16,37.360001
12/6/16,37.169998
12/7/16,38.630001
12/8/16,38.458
12/9/16,38.436001
12/12/16,38.486
12/13/16,39.630001
12/14/16,39.737999
12/15/16,39.515999
12/16/16,40.498001
12/19/16,40.546001
12/20/16,41.757999
12/21/16,41.540001
12/22/16,41.689999
12/23/16,42.667999
12/27/16,43.905998
12/28/16,43.948002
12/29/16,42.936001
12/30/16,42.737999
1/3/17,43.397999
1/4/17,45.397999
1/5/17,45.349998
1/6/17,45.801998
1/9/17,46.256001
1/10/17,45.973999
1/11/17,45.945999
1/12/17,45.917999
1/13/17,47.549999
1/17/17,47.116001
1/18/17,47.672001
1/19/17,48.751999
1/20/17,48.945999
1/23/17,49.784
1/24/17,50.922001
1/25/17,50.894001
1/26/17,50.501999
1/27/17,50.59
1/30/17,50.125999
1/31/17,50.386002
2/1/17,49.848
2/2/17,50.310001
2/3/17,50.265999
2/6/17,51.554001
2/7/17,51.495998
2/8/17,52.416
2/9/17,53.84
2/10/17,53.846001
2/13/17,56.119999
2/14/17,56.195999
2/15/17,55.952
2/16/17,53.790001
2/17/17,54.445999
2/21/17,55.478001
2/22/17,54.702
2/23/17,51.198002
2/24/17,51.400002
2/27/17,49.245998
2/28/17,49.998001
3/1/17,50.004002
3/2/17,50.096001
3/3/17,50.313999
3/6/17,50.242001
3/7/17,49.717999
3/8/17,49.374001
3/9/17,48.98
3/10/17,48.737999
3/13/17,49.234001
3/14/17,51.599998
3/15/17,51.146
3/16/17,52.41
3/17/17,52.299999
3/20/17,52.383999
3/21/17,50.136002
3/22/17,51.001999
3/23/17,50.956001
3/24/17,52.632
3/27/17,54.043999
3/28/17,55.490002
3/29/17,55.476002
3/30/17,55.584
3/31/17,55.66
4/3/17,59.703999
4/4/17,60.740002
4/5/17,59
4/6/17,59.740002
4/7/17,60.507999
4/10/17,62.478001
4/11/17,61.742001
4/12/17,59.368
4/13/17,60.799999
4/17/17,60.287998
4/18/17,60.049999
4/19/17,61.104
4/20/17,60.501999
4/21/17,61.119999
4/24/17,61.605999
4/25/17,62.757999
4/26/17,62.034
4/27/17,61.726002
4/28/17,62.813999
5/1/17,64.566002
5/2/17,63.778
5/3/17,62.203999
5/4/17,59.091999
5/5/17,61.669998
5/8/17,61.438
5/9/17,64.251999
5/10/17,65.043999
5/11/17,64.620003
5/12/17,64.961998
5/15/17,63.175999
5/16/17,63.402
5/17/17,61.222
5/18/17,62.612
5/19/17,62.166
5/22/17,62.07
5/23/17,60.771999
5/24/17,62.043999
5/25/17,63.366001
5/26/17,65.028
5/30/17,67.019997
5/31/17,68.202003
6/1/17,68.073997
6/2/17,67.970001
6/5/17,69.463997
6/6/17,70.57
6/7/17,71.93
6/8/17,74
6/9/17,71.463997
6/12/17,71.802002
6/13/17,75.190002
6/14/17,76.132004
6/15/17,75.068001
6/16/17,74.279999
6/19/17,73.959999
6/20/17,74.447998
6/21/17,75.279999
6/22/17,76.522003
6/23/17,76.690002
6/26/17,75.498001
6/27/17,72.473999
6/28/17,74.248001
6/29/17,72.150002
6/30/17,72.321999
7/3/17,70.524002
7/5/17,65.417999
7/6/17,61.765999
7/7/17,62.644001
7/10/17,63.209999
7/11/17,65.444
7/12/17,65.903999
7/13/17,64.681999
7/14/17,65.556
7/17/17,63.914001
7/18/17,65.648003
7/19/17,65.052002
7/20/17,65.984001
7/21/17,65.68
7/24/17,68.503998
7/25/17,67.919998
7/26/17,68.769997
7/27/17,66.891998
7/28/17,67.014
7/31/17,64.694
8/1/17,63.914001
8/2/17,65.178001
8/3/17,69.417999
8/4/17,71.382004
8/7/17,71.033997
8/8/17,73.043999
8/9/17,72.706001
8/10/17,71.080002
8/11/17,71.573997
8/14/17,72.760002
8/15/17,72.466003
8/16/17,72.582001
8/17/17,70.384003
8/18/17,69.491997
8/21/17,67.571999
8/22/17,68.269997
8/23/17,70.554001
8/24/17,70.585999
8/25/17,69.610001
8/28/17,69.132004
8/29/17,69.472
8/30/17,70.636002
8/31/17,71.18
9/1/17,71.080002
9/5/17,69.917999
9/6/17,68.905998
9/7/17,70.122002
9/8/17,68.68
9/11/17,72.737999
9/12/17,72.550003
9/13/17,73.246002
9/14/17,75.528
9/15/17,75.961998
9/18/17,77
9/19/17,75.019997
9/20/17,74.781998
9/21/17,73.295998
9/22/17,70.218002
9/25/17,68.998001
9/26/17,69.050003
9/27/17,68.194
9/28/17,67.919998
9/29/17,68.220001
10/2/17,68.306
10/3/17,69.627998
10/4/17,71.001999
10/5/17,71.066002
10/6/17,71.375999
10/9/17,68.587997
10/10/17,71.117996
10/11/17,70.919998
10/12/17,71.136002
10/13/17,71.113998
10/16/17,70.120003
10/17/17,71.150002
10/18/17,71.93
10/19/17,70.362
10/20/17,69.019997
10/23/17,67.403999
10/24/17,67.468002
10/25/17,65.167999
10/26/17,65.234001
10/27/17,64.174004
10/30/17,64.015999
10/31/17,66.306
11/1/17,64.216003
11/2/17,59.852001
11/3/17,61.217999
11/6/17,60.556
11/7/17,61.209999
11/8/17,60.877998
11/9/17,60.598
11/10/17,60.598
11/13/17,63.080002
11/14/17,61.740002
11/15/17,62.259998
11/16/17,62.5
11/17/17,63.009998
11/20/17,61.748001
11/21/17,63.562
11/22/17,62.52
11/24/17,63.110001
11/27/17,63.362
11/28/17,63.509998
11/29/17,61.507999
11/30/17,61.77
12/1/17,61.306
12/4/17,61.040001
12/5/17,60.740002
12/6/17,62.652
12/7/17,62.248001
12/8/17,63.026001
12/11/17,65.781998
12/12/17,68.206001
12/13/17,67.806
12/14/17,67.578003
12/15/17,68.690002
12/18/17,67.774002
12/19/17,66.220001
12/20/17,65.795998
12/21/17,66.332001
12/22/17,65.040001
12/26/17,63.458
12/27/17,62.327999
12/28/17,63.071999
12/29/17,62.27
1/2/18,64.106003
1/3/18,63.450001
1/4/18,62.924
1/5/18,63.316002
1/8/18,67.281998
1/9/18,66.737999
1/10/18,66.959999
1/11/18,67.589996
1/12/18,67.244003
1/16/18,68.012001
1/17/18,69.431999
1/18/18,68.914001
1/19/18,70.003998
1/22/18,70.311996
1/23/18,70.557999
1/24/18,69.178001
1/25/18,67.528
1/26/18,68.57
1/29/18,69.905998
1/30/18,69.164001
1/31/18,70.862
2/1/18,69.849998
2/2/18,68.75
2/5/18,66.625999
2/6/18,66.793999
2/7/18,69
2/8/18,63.046001
2/9/18,62.084
2/12/18,63.146
2/13/18,64.732002
2/14/18,64.461998
2/15/18,66.814003
2/16/18,67.098
2/20/18,66.954002
2/21/18,66.660004
2/22/18,69.234001
2/23/18,70.410004
2/26/18,71.484001
2/27/18,70.197998
2/28/18,68.612
3/1/18,66.185997
3/2/18,67.024002
3/5/18,66.669998
3/6/18,65.639999
3/7/18,66.459999
3/8/18,65.82
3/9/18,65.433998
3/12/18,69.101997
3/13/18,68.367996
3/14/18,65.325996
3/15/18,65.120003
3/16/18,64.269997
3/19/18,62.712002
3/20/18,62.110001
3/21/18,63.306
3/22/18,61.82
3/23/18,60.307999
3/26/18,60.835999
3/27/18,55.835999
3/28/18,51.556
3/29/18,53.226002
4/2/18,50.495998
4/3/18,53.506001
4/4/18,57.388
4/5/18,61.144001
4/6/18,59.860001
4/9/18,57.931999
4/10/18,60.939999
4/11/18,60.186001
4/12/18,58.816002
4/13/18,60.068001
4/16/18,58.242001
4/17/18,57.537998
4/18/18,58.669998
4/19/18,60.015999
4/20/18,58.048
4/23/18,56.674
4/24/18,56.692001
4/25/18,56.138
4/26/18,57.096001
4/27/18,58.816002
4/30/18,58.779999
5/1/18,59.984001
5/2/18,60.23
5/3/18,56.889999
5/4/18,58.818001
5/7/18,60.554001
5/8/18,60.394001
5/9/18,61.369999
5/10/18,61.004002
5/11/18,60.212002
5/14/18,58.394001
5/15/18,56.835999
5/16/18,57.296001
5/17/18,56.908001
5/18/18,55.363998
5/21/18,56.897999
5/22/18,55.001999
5/23/18,55.813999
5/24/18,55.57
5/25/18,55.77
5/29/18,56.751999
5/30/18,58.344002
5/31/18,56.945999
6/1/18,58.363998
6/4/18,59.348
6/5/18,58.226002
6/6/18,63.900002
6/7/18,63.217999
6/8/18,63.532001
6/11/18,66.419998
6/12/18,68.554001
6/13/18,68.956001
6/14/18,71.543999
6/15/18,71.634003
6/18/18,74.166
6/19/18,70.510002
6/20/18,72.444
6/21/18,69.501999
6/22/18,66.725998
6/25/18,66.601997
6/26/18,68.400002
6/27/18,68.900002
6/28/18,69.986
6/29/18,68.589996
7/2/18,67.014
7/3/18,62.172001
7/5/18,61.832001
7/6/18,61.779999
7/9/18,63.702
7/10/18,64.494003
7/11/18,63.792
7/12/18,63.341999
7/13/18,63.773998
7/16/18,62.02
7/17/18,64.538002
7/18/18,64.769997
7/19/18,64.045998
7/20/18,62.716
7/23/18,60.639999
7/24/18,59.486
7/25/18,61.748001
7/26/18,61.330002
7/27/18,59.436001
7/30/18,58.034
7/31/18,59.627998
8/1/18,60.167999
8/2/18,69.907997
8/3/18,69.634003
8/6/18,68.398003
8/7/18,75.914001
8/8/18,74.068001
8/9/18,70.489998
8/10/18,71.098
8/13/18,71.281998
8/14/18,69.528
8/15/18,67.737999
8/16/18,67.089996
8/17/18,61.099998
8/20/18,61.688
8/21/18,64.379997
8/22/18,64.328003
8/23/18,64.019997
8/24/18,64.564003
8/27/18,63.854
8/28/18,62.372002
8/29/18,61.001999
8/30/18,60.630001
8/31/18,60.332001
9/4/18,57.790001
9/5/18,56.147999
9/6/18,56.189999
9/7/18,52.647999
9/10/18,57.099998
9/11/18,55.888
9/12/18,58.108002
9/13/18,57.891998
9/14/18,59.040001
9/17/18,58.967999
9/18/18,56.992001
9/19/18,59.804001
9/20/18,59.666
9/21/18,59.82
9/24/18,59.936001
9/25/18,60.198002
9/26/18,61.916
9/27/18,61.504002
9/28/18,52.953999
10/1/18,62.139999
10/2/18,60.203999
10/3/18,58.959999
10/4/18,56.366001
10/5/18,52.389999
10/8/18,50.112
10/9/18,52.560001
10/10/18,51.375999
10/11/18,50.445999
10/12/18,51.756001
10/15/18,51.917999
10/16/18,55.318001
10/17/18,54.355999
10/18/18,52.782001
10/19/18,52
10/22/18,52.189999
10/23/18,58.827999
10/24/18,57.700001
10/25/18,62.972
10/26/18,66.18
10/29/18,66.970001
10/30/18,65.980003
10/31/18,67.463997
11/1/18,68.856003
11/2/18,69.281998
11/5/18,68.279999
11/6/18,68.211998
11/7/18,69.632004
11/8/18,70.279999
11/9/18,70.101997
11/12/18,66.255997
11/13/18,67.746002
11/14/18,68.800003
11/15/18,69.688004
11/16/18,70.862
11/19/18,70.694
11/20/18,69.498001
11/21/18,67.638
11/23/18,65.166
11/26/18,69.199997
11/27/18,68.783997
11/28/18,69.573997
11/29/18,68.234001
11/30/18,70.096001
12/3/18,71.697998
12/4/18,71.940002
12/6/18,72.612
12/7/18,71.594002
12/10/18,73.029999
12/11/18,73.351997
12/12/18,73.32
12/13/18,75.358002
12/14/18,73.141998
12/17/18,69.683998
12/18/18,67.405998
12/19/18,66.594002
12/20/18,63.076
12/21/18,63.953999
12/24/18,59.077999
12/26/18,65.218002
12/27/18,63.226002
12/28/18,66.774002
12/31/18,66.559998
1/2/19,62.023998
1/3/19,60.071999
1/4/19,63.537998
1/7/19,66.991997
1/8/19,67.07
1/9/19,67.706001
1/10/19,68.994003
1/11/19,69.452003
1/14/19,66.879997
1/15/19,68.886002
1/16/19,69.209999
1/17/19,69.461998
1/18/19,60.452
1/22/19,59.784
1/23/19,57.518002
1/24/19,58.301998
1/25/19,59.408001
1/28/19,59.276001
1/29/19,59.492001
1/30/19,61.754002
1/31/19,61.403999
2/1/19,62.442001
2/4/19,62.577999
2/5/19,64.269997
2/6/19,63.444
2/7/19,61.501999
2/8/19,61.16
2/11/19,62.568001
2/12/19,62.362
2/13/19,61.633999
2/14/19,60.754002
2/15/19,61.576
2/19/19,61.127998
2/20/19,60.512001
2/21/19,58.245998
2/22/19,58.942001
2/25/19,59.754002
2/26/19,59.571999
2/27/19,62.948002
2/28/19,63.976002
3/1/19,58.958
3/4/19,57.071999
3/5/19,55.307999
3/6/19,55.248001
3/7/19,55.318001
3/8/19,56.827999
3/11/19,58.183998
3/12/19,56.672001
3/13/19,57.792
3/14/19,57.992001
3/15/19,55.085999
3/18/19,53.897999
3/19/19,53.493999
3/20/19,54.720001
3/21/19,54.804001
3/22/19,52.905998
3/25/19,52.084
3/26/19,53.554001
3/27/19,54.966
3/28/19,55.723999
3/29/19,55.972
4/1/19,57.835999
4/2/19,57.175999
4/3/19,58.362
4/4/19,53.556
4/5/19,54.992001
4/8/19,54.639999
4/9/19,54.462002
4/10/19,55.212002
4/11/19,53.683998
4/12/19,53.540001
4/15/19,53.276001
4/16/19,54.672001
4/17/19,54.245998
4/18/19,54.652
4/22/19,52.549999
4/23/19,52.779999
4/24/19,51.731998
4/25/19,49.526001
4/26/19,47.028
4/29/19,48.293999
4/30/19,47.737999
5/1/19,46.801998
5/2/19,48.82
5/3/19,51.006001
5/6/19,51.068001
5/7/19,49.411999
5/8/19,48.967999
5/9/19,48.396
5/10/19,47.903999
5/13/19,45.402
5/14/19,46.462002
5/15/19,46.389999
5/16/19,45.666
5/17/19,42.206001
5/20/19,41.071999
5/21/19,41.015999
5/22/19,38.546001
5/23/19,39.098
5/24/19,38.125999
5/28/19,37.740002
5/29/19,37.972
5/30/19,37.644001
5/31/19,37.032001
6/3/19,35.793999
6/4/19,38.720001
6/5/19,39.318001
6/6/19,41.189999
6/7/19,40.900002
6/10/19,42.576
6/11/19,43.419998
6/12/19,41.852001
6/13/19,42.782001
6/14/19,42.984001
6/17/19,45.006001
6/18/19,44.948002
6/19/19,45.285999
6/20/19,43.924
6/21/19,44.372002
6/24/19,44.728001
6/25/19,43.952
6/26/19,43.854
6/27/19,44.568001
6/28/19,44.692001
7/1/19,45.433998
7/2/19,44.91
7/3/19,46.98
7/5/19,46.619999
7/8/19,46.068001
7/9/19,46.012001
7/10/19,47.784
7/11/19,47.720001
7/12/19,49.015999
7/15/19,50.700001
7/16/19,50.476002
7/17/19,50.972
7/18/19,50.708
7/19/19,51.636002
7/22/19,51.136002
7/23/19,52.034
7/24/19,52.976002
7/25/19,45.764
7/26/19,45.608002
7/29/19,47.153999
7/30/19,48.452
7/31/19,48.321999
8/1/19,46.77
8/2/19,46.868
8/5/19,45.664001
8/6/19,46.150002
8/7/19,46.683998
8/8/19,47.66
8/9/19,47.001999
8/12/19,45.801998
8/13/19,47
8/14/19,43.924
8/15/19,43.127998
8/16/19,43.987999
8/19/19,45.366001
8/20/19,45.172001
8/21/19,44.166
8/22/19,44.43
8/23/19,42.279999
8/26/19,43
8/27/19,42.816002
8/28/19,43.118
8/29/19,44.341999
8/30/19,45.122002
9/3/19,45.001999
9/4/19,44.136002
9/5/19,45.916
9/6/19,45.490002
9/9/19,46.358002
9/10/19,47.108002
9/11/19,49.419998
9/12/19,49.174
9/13/19,49.040001
9/16/19,48.562
9/17/19,48.958
9/18/19,48.698002
9/19/19,49.32
9/20/19,48.124001
9/23/19,48.245998
9/24/19,44.641998
9/25/19,45.740002
9/26/19,48.512001
9/27/19,48.425999
9/30/19,48.174
10/1/19,48.938
10/2/19,48.625999
10/3/19,46.605999
10/4/19,46.285999
10/7/19,47.543999
10/8/19,48.009998
10/9/19,48.905998
10/10/19,48.948002
10/11/19,49.577999
10/14/19,51.391998
10/15/19,51.577999
10/16/19,51.950001
10/17/19,52.394001
10/18/19,51.389999
10/21/19,50.700001
10/22/19,51.116001
10/23/19,50.936001
10/24/19,59.936001
10/25/19,65.625999
10/28/19,65.542
10/29/19,63.243999
10/30/19,63.001999
10/31/19,62.984001
11/1/19,62.661999
11/4/19,63.493999
11/5/19,63.444
11/6/19,65.316002
11/7/19,67.108002
11/8/19,67.428001
11/11/19,69.017998
11/12/19,69.986
11/13/19,69.222
11/14/19,69.870003
11/15/19,70.433998
11/18/19,69.998001
11/19/19,71.903999
11/20/19,70.444
11/21/19,70.966003
11/22/19,66.608002
11/25/19,67.267998
11/26/19,65.783997
11/27/19,66.258003
11/29/19,65.987999
12/2/19,66.973999
12/3/19,67.239998
12/4/19,66.606003
12/5/19,66.073997
12/6/19,67.178001
12/9/19,67.905998
12/10/19,69.767998
12/11/19,70.540001
12/12/19,71.935997
12/13/19,71.678001
12/16/19,76.300003
12/17/19,75.797997
12/18/19,78.629997
12/19/19,80.807999
12/20/19,81.117996
12/23/19,83.844002
12/24/19,85.050003
12/26/19,86.188004
12/27/19,86.075996
12/30/19,82.940002
12/31/19,83.666
1/2/20,86.052002
1/3/20,88.601997
1/6/20,90.307999
1/7/20,93.811996
1/8/20,98.428001
1/9/20,96.267998
1/10/20,95.629997
1/13/20,104.972
1/14/20,107.584
1/15/20,103.699997
1/16/20,102.697998
1/17/20,102.099998
1/21/20,109.440002
1/22/20,113.912003
1/23/20,114.440002
1/24/20,112.963997
1/27/20,111.603996
1/28/20,113.379997
1/29/20,116.197998
1/30/20,128.162003
1/31/20,130.113998
2/3/20,156
2/4/20,177.412003
2/5/20,146.940002
2/6/20,149.792007
2/7/20,149.613998
2/10/20,154.255997
2/11/20,154.876007
2/12/20,153.457993
2/13/20,160.800003
2/14/20,160.005997
2/18/20,171.679993
2/19/20,183.483994
2/20/20,179.882004
2/21/20,180.199997
2/24/20,166.757996
2/25/20,159.981995
2/26/20,155.759995
2/27/20,135.800003
2/28/20,133.598007
3/2/20,148.723999
3/3/20,149.102005
3/4/20,149.899994
3/5/20,144.908005
3/6/20,140.695999
3/9/20,121.599998
3/10/20,129.065994
3/11/20,126.846001
3/12/20,112.110001
3/13/20,109.323997
3/16/20,89.014
3/17/20,86.040001
3/18/20,72.244003
3/19/20,85.528
3/20/20,85.505997
3/23/20,86.858002
3/24/20,101
3/25/20,107.849998
3/26/20,105.632004
3/27/20,102.872002
3/30/20,100.426003
3/31/20,104.800003
4/1/20,96.311996
4/2/20,90.893997
4/3/20,96.001999
4/6/20,103.248001
4/7/20,109.089996
4/8/20,109.767998
4/9/20,114.599998
4/13/20,130.190002
4/14/20,141.977997
4/15/20,145.966003
4/16/20,149.042007
4/17/20,150.778
4/20/20,149.272003
4/21/20,137.343994
4/22/20,146.421997
4/23/20,141.126007
4/24/20,145.029999
4/27/20,159.75
4/28/20,153.824005
4/29/20,160.102005
4/30/20,156.376007
5/1/20,140.264008
5/4/20,152.238007
5/5/20,153.641998
5/6/20,156.516006
5/7/20,156.007996
5/8/20,163.884003
5/11/20,162.257996
5/12/20,161.882004
5/13/20,158.192001
5/14/20,160.666
5/15/20,159.834
5/18/20,162.725998
5/19/20,161.602005
5/20/20,163.112
5/21/20,165.520004
5/22/20,163.376007
5/26/20,163.774002
5/27/20,164.046005
5/28/20,161.162003
5/29/20,167
6/1/20,179.619995
6/2/20,176.311996
6/3/20,176.591995
6/4/20,172.876007
6/5/20,177.132004
6/8/20,189.983994
6/9/20,188.134003
6/10/20,205.009995
6/11/20,194.567993
6/12/20,187.056
6/15/20,198.179993
6/16/20,196.425995
6/17/20,198.358002
6/18/20,200.792007
6/19/20,200.179993
6/22/20,198.863998
6/23/20,200.356003
6/24/20,192.169998
6/25/20,197.195999
6/26/20,191.947998
6/29/20,201.869995
6/30/20,215.962006
7/1/20,223.925995
7/2/20,241.731995
7/6/20,274.31601
7/7/20,277.971985
7/8/20,273.175995
7/9/20,278.855988
7/10/20,308.929993
7/13/20,299.411987
7/14/20,303.359985
7/15/20,309.201996
7/16/20,300.127991
7/17/20,300.167999
7/20/20,328.600006
7/21/20,313.671997
7/22/20,318.466003
7/23/20,302.614014
7/24/20,283.399994
7/27/20,307.920013
7/28/20,295.298004
7/29/20,299.821991
7/30/20,297.497986
7/31/20,286.152008
8/3/20,297
8/4/20,297.399994
8/5/20,297.003998
8/6/20,297.915985
8/7/20,290.541992
8/10/20,283.713989
8/11/20,274.877991
8/12/20,310.951996
8/13/20,324.200012
8/14/20,330.141998
8/17/20,367.127991
8/18/20,377.417999
8/19/20,375.705994
8/20/20,400.365997
8/21/20,409.996002
8/24/20,402.839996
8/25/20,404.667999
8/26/20,430.634003
8/27/20,447.75
8/28/20,442.679993
8/31/20,498.320007
9/1/20,475.049988
9/2/20,447.369995
9/3/20,407
9/4/20,418.320007
9/8/20,330.209991
9/9/20,366.279999
9/10/20,371.339996
9/11/20,372.720001
9/14/20,419.619995
9/15/20,449.76001
9/16/20,441.76001
9/17/20,423.429993
9/18/20,442.149994
9/21/20,449.390015
9/22/20,424.230011
9/23/20,380.359985
9/24/20,387.790009
9/25/20,407.339996
9/28/20,421.200012
9/29/20,419.070007
9/30/20,429.01001
10/1/20,448.160004
10/2/20,415.089996
10/5/20,425.679993
10/6/20,413.980011
10/7/20,425.299988
10/8/20,425.920013
10/9/20,434
10/12/20,442.299988
10/13/20,446.649994
10/14/20,461.299988
10/15/20,448.880005
10/16/20,439.670013
10/19/20,430.829987
10/20/20,421.940002
10/21/20,422.640015
10/22/20,425.790009
10/23/20,420.630005
10/26/20,420.279999
10/27/20,424.679993
10/28/20,406.019989
10/29/20,410.829987
10/30/20,388.040009
11/2/20,400.51001
11/3/20,423.899994
11/4/20,420.980011
11/5/20,438.089996
11/6/20,429.950012
11/9/20,421.26001
11/10/20,410.359985
11/11/20,417.130005
11/12/20,411.76001
11/13/20,408.5
11/16/20,408.089996
11/17/20,441.609985
11/18/20,486.640015
11/19/20,499.269989
11/20/20,489.609985
11/23/20,521.849976
11/24/20,555.380005
11/25/20,574
11/27/20,585.76001
11/30/20,567.599976
12/1/20,584.76001
12/2/20,568.820007
12/3/20,593.380005
12/4/20,599.039978
12/7/20,641.76001
12/8/20,649.880005
12/9/20,604.47998
12/10/20,627.070007
12/11/20,609.98999
12/14/20,639.830017
12/15/20,633.25
12/16/20,622.77002
12/17/20,655.900024
12/18/20,695
12/21/20,649.859985
12/22/20,640.340027
12/23/20,645.97998
12/24/20,661.77002
12/28/20,663.690002
12/29/20,665.98999
12/30/20,694.780029
12/31/20,705.669983
1/4/21,729.77002
1/5/21,735.109985
1/6/21,755.97998
1/7/21,816.039978
1/8/21,880.02002
1/11/21,811.190002
1/12/21,849.440002
1/13/21,854.409973
1/14/21,845
1/15/21,826.159973
1/19/21,844.549988
1/20/21,850.450012
1/21/21,844.98999
1/22/21,846.640015
1/25/21,880.799988
1/26/21,883.090027
1/27/21,864.159973
1/28/21,835.429993
1/29/21,793.530029
2/1/21,839.809998
2/2/21,872.789978
2/3/21,854.690002
2/4/21,849.98999
2/5/21,852.22998
2/8/21,863.419983
2/9/21,849.460022
2/10/21,804.820007
2/11/21,811.659973
2/12/21,816.119995
2/16/21,796.219971
2/17/21,798.150024
2/18/21,787.380005
2/19/21,781.299988
2/22/21,714.5
2/23/21,698.840027
2/24/21,742.02002
2/25/21,682.219971
2/26/21,675.5
3/1/21,718.429993
3/2/21,686.440002
3/3/21,653.200012
3/4/21,621.440002
3/5/21,597.950012
3/8/21,563
3/9/21,673.580017
3/10/21,668.059998
3/11/21,699.599976
3/12/21,693.72998
3/15/21,707.940002
3/16/21,676.880005
3/17/21,701.809998
3/18/21,653.159973
3/19/21,654.869995
3/22/21,670
3/23/21,662.159973
3/24/21,630.27002
3/25/21,640.390015
3/26/21,618.710022
3/29/21,611.289978
3/30/21,635.619995
3/31/21,667.929993
4/1/21,661.75
4/5/21,691.049988
4/6/21,691.619995
4/7/21,670.969971
4/8/21,683.799988
4/9/21,677.02002
4/12/21,701.97998
4/13/21,762.320007
4/14/21,732.22998
4/15/21,738.849976
4/16/21,739.780029
4/19/21,714.630005
4/20/21,718.98999
4/21/21,744.119995
4/22/21,719.690002
4/23/21,729.400024
4/26/21,738.200012
4/27/21,704.73999
4/28/21,694.400024
4/29/21,677
4/30/21,709.440002
5/3/21,684.900024
5/4/21,673.599976
5/5/21,670.940002
5/6/21,663.539978
5/7/21,672.369995
5/10/21,629.039978
5/11/21,617.200012
5/12/21,589.890015
5/13/21,571.690002
5/14/21,589.73999
5/17/21,576.830017
5/18/21,577.869995
5/19/21,563.460022
5/20/21,586.780029
5/21/21,580.880005
5/24/21,606.440002
5/25/21,604.690002
5/26/21,619.130005
5/27/21,630.849976
5/28/21,625.219971
6/1/21,623.900024
6/2/21,605.119995
6/3/21,572.840027
6/4/21,599.049988
6/7/21,605.130005
6/8/21,603.590027
6/9/21,598.780029
6/10/21,610.119995
6/11/21,609.890015
6/14/21,617.690002
6/15/21,599.359985
6/16/21,604.869995
6/17/21,616.599976
6/18/21,623.309998
6/21/21,620.830017
6/22/21,623.710022
6/23/21,656.570007
6/24/21,679.820007
6/25/21,671.869995
6/28/21,688.719971
6/29/21,680.76001
6/30/21,679.700012
7/1/21,677.919983
7/2/21,678.900024
7/6/21,659.580017
7/7/21,644.650024
7/8/21,652.809998
7/9/21,656.950012
7/12/21,685.700012
7/13/21,668.539978
7/14/21,653.380005
7/15/21,650.599976
7/16/21,644.219971
7/19/21,646.219971
7/20/21,660.5
7/21/21,655.289978
7/22/21,649.26001
7/23/21,643.380005
7/26/21,657.619995
7/27/21,644.780029
7/28/21,646.97998
7/29/21,677.349976
7/30/21,687.200012
8/2/21,709.669983
8/3/21,709.73999
8/4/21,710.919983
8/5/21,714.630005
8/6/21,699.099976
8/9/21,713.76001
8/10/21,709.98999
8/11/21,707.820007
8/12/21,722.25
8/13/21,717.169983
8/16/21,686.169983
8/17/21,665.710022
8/18/21,688.98999
8/19/21,673.469971
8/20/21,680.26001
8/23/21,706.299988
8/24/21,708.48999
8/25/21,711.200012
8/26/21,701.159973
8/27/21,711.919983
8/30/21,730.909973
8/31/21,735.719971
9/1/21,734.090027
9/2/21,732.390015
9/3/21,733.570007
9/7/21,752.919983
9/8/21,753.869995
9/9/21,754.859985
9/10/21,736.27002
9/13/21,743
9/14/21,744.48999
9/15/21,755.830017
9/16/21,756.98999
9/17/21,759.48999
9/20/21,730.169983
9/21/21,739.380005
9/22/21,751.940002
9/23/21,753.640015
9/24/21,774.390015
9/27/21,791.359985
9/28/21,777.559998
9/29/21,781.309998
9/30/21,775.47998
10/1/21,775.219971
10/4/21,781.530029
10/5/21,780.590027
10/6/21,782.75
10/7/21,793.609985
10/8/21,785.48999
10/11/21,791.940002
10/12/21,805.719971
10/13/21,811.080017
10/14/21,818.320007
10/15/21,843.030029
10/18/21,870.109985
10/19/21,864.27002
10/20/21,865.799988
10/21/21,894
10/22/21,909.679993
10/25/21,1024.859985
10/26/21,1018.429993
10/27/21,1037.859985
10/28/21,1077.040039
10/29/21,1114
11/1/21,1208.589966
11/2/21,1172
11/3/21,1213.859985
11/4/21,1229.910034
11/5/21,1222.089966
11/8/21,1162.939941
11/9/21,1023.5
11/10/21,1067.949951
11/11/21,1063.51001
11/12/21,1033.420044
11/15/21,1013.390015
11/16/21,1054.72998
11/17/21,1089.01001
11/18/21,1096.380005
11/19/21,1137.060059
11/22/21,1156.869995
11/23/21,1109.030029
11/24/21,1116
11/26/21,1081.920044
11/29/21,1136.98999
11/30/21,1144.76001
12/1/21,1095
12/2/21,1084.599976
12/3/21,1014.969971
12/6/21,1009.01001
12/7/21,1051.75
12/8/21,1068.959961
12/9/21,1003.799988
12/10/21,1017.030029
12/13/21,966.409973
12/14/21,958.51001
12/15/21,975.98999
12/16/21,926.919983
12/17/21,932.570007
12/20/21,899.940002
12/21/21,938.530029
12/22/21,1008.869995
12/23/21,1067
12/27/21,1093.939941
12/28/21,1088.469971
12/29/21,1086.189941
12/30/21,1070.339966
12/31/21,1056.780029
1/3/22,1199.780029
1/4/22,1149.589966
1/5/22,1088.119995
1/6/22,1064.699951
1/7/22,1026.959961
1/10/22,1058.119995
1/11/22,1064.400024
1/12/22,1106.219971
1/13/22,1031.560059
1/14/22,1049.609985
1/18/22,1030.51001
1/19/22,995.650024
1/20/22,996.27002
1/21/22,943.900024
1/24/22,930
1/25/22,918.400024
1/26/22,937.409973
1/27/22,829.099976
1/28/22,846.349976
1/31/22,936.719971
2/1/22,931.25
2/2/22,905.659973
2/3/22,891.140015
2/4/22,923.320007
2/7/22,907.340027
2/8/22,922
2/9/22,932
2/10/22,904.549988
2/11/22,860
2/14/22,875.76001
2/15/22,922.429993
2/16/22,923.390015
2/17/22,876.349976
2/18/22,856.97998
2/22/22,821.530029
2/23/22,764.039978
2/24/22,800.77002
2/25/22,809.869995
2/28/22,870.429993
3/1/22,864.369995
3/2/22,879.890015
3/3/22,839.289978
3/4/22,838.289978
3/7/22,804.580017
3/8/22,824.400024
3/9/22,858.969971
3/10/22,838.299988
3/11/22,795.349976
3/14/22,766.369995
3/15/22,801.890015
3/16/22,840.22998
3/17/22,871.599976
3/18/22,905.390015
3/21/22,921.159973
3/22/22,993.97998
3/23/22,999.109985
3/24/22,1013.919983